연도,주차,주차시작일,주차종료일,업데이트일자,지역_시도,ILI분율
2026,38,2026-09-13,2026-09-19,2026-09-24,강원,26.4
2026,38,2026-09-13,2026-09-19,2026-09-24,경기,33.1
2026,38,2026-09-13,2026-09-19,2026-09-24,경남,26.2
2026,38,2026-09-13,2026-09-19,2026-09-24,경북,47.1
2026,38,2026-09-13,2026-09-19,2026-09-24,대구,27.2
2026,38,2026-09-13,2026-09-19,2026-09-24,대전,34.0
2026,38,2026-09-13,2026-09-19,2026-09-24,부산,48.0
2026,38,2026-09-13,2026-09-19,2026-09-24,서울,33.3
2026,38,2026-09-13,2026-09-19,2026-09-24,세종,34.1
2026,38,2026-09-13,2026-09-19,2026-09-24,울산,35.1
2026,38,2026-09-13,2026-09-19,2026-09-24,인천,33.6
2026,38,2026-09-13,2026-09-19,2026-09-24,전남광주,28.9
2026,38,2026-09-13,2026-09-19,2026-09-24,전북,29.5
2026,38,2026-09-13,2026-09-19,2026-09-24,제주,58.4
2026,38,2026-09-13,2026-09-19,2026-09-24,충남,21.9
2026,38,2026-09-13,2026-09-19,2026-09-24,충북,13.5
