적용시작일,적용종료일,공연ID,행사노출단계,유행수준,대표유행질병,최종위험단계
2026-09-03,2026-09-09,PF138268,1.0,4,아데노바이러스,3
2026-09-03,2026-09-09,PF147207,1.0,4,아데노바이러스,3
2026-09-03,2026-09-09,PF161298,1.0,4,아데노바이러스,3
2026-09-03,2026-09-09,PF170941,1.0,4,아데노바이러스,3
2026-09-03,2026-09-09,PF172538,1.0,4,아데노바이러스,3
2026-09-03,2026-09-09,PF173894,1.0,4,아데노바이러스,3
2026-09-03,2026-09-09,PF175093,1.0,4,아데노바이러스,3
2026-09-03,2026-09-09,PF185428,1.0,4,아데노바이러스,3
2026-09-03,2026-09-09,PF186819,1.0,4,아데노바이러스,3
2026-09-03,2026-09-09,PF189888,1.0,4,아데노바이러스,3
2026-09-03,2026-09-09,PF203142,1.0,4,아데노바이러스,3
2026-09-03,2026-09-09,PF214941,1.0,4,아데노바이러스,3
2026-09-03,2026-09-09,PF215020,2.0,4,아데노바이러스,3
2026-09-03,2026-09-09,PF216355,1.0,4,아데노바이러스,3
2026-09-03,2026-09-09,PF216967,,4,아데노바이러스,
2026-09-03,2026-09-09,PF218049,,4,아데노바이러스,
2026-09-03,2026-09-09,PF220426,,4,아데노바이러스,
2026-09-03,2026-09-09,PF229985,1.0,4,아데노바이러스,3
2026-09-03,2026-09-09,PF230196,,4,아데노바이러스,
2026-09-03,2026-09-09,PF234123,,4,아데노바이러스,
2026-09-03,2026-09-09,PF234521,,4,아데노바이러스,
2026-09-03,2026-09-09,PF235344,1.0,4,아데노바이러스,3
2026-09-03,2026-09-09,PF235543,2.0,4,아데노바이러스,3
2026-09-03,2026-09-09,PF235879,1.0,4,아데노바이러스,3
2026-09-03,2026-09-09,PF235885,1.0,4,아데노바이러스,3
2026-09-03,2026-09-09,PF236349,,4,아데노바이러스,
2026-09-03,2026-09-09,PF236460,,4,아데노바이러스,
2026-09-03,2026-09-09,PF236674,,4,아데노바이러스,
2026-09-03,2026-09-09,PF237479,,4,아데노바이러스,
2026-09-03,2026-09-09,PF239645,1.0,4,아데노바이러스,3
2026-09-03,2026-09-09,PF239850,1.0,4,아데노바이러스,3
2026-09-03,2026-09-09,PF241378,,4,아데노바이러스,
2026-09-03,2026-09-09,PF241439,1.0,4,아데노바이러스,3
2026-09-03,2026-09-09,PF242666,,4,아데노바이러스,
2026-09-03,2026-09-09,PF244959,,4,아데노바이러스,
2026-09-03,2026-09-09,PF247055,,4,아데노바이러스,
2026-09-03,2026-09-09,PF247233,,4,아데노바이러스,
2026-09-03,2026-09-09,PF247431,,4,아데노바이러스,
2026-09-03,2026-09-09,PF247938,2.0,4,아데노바이러스,3
2026-09-03,2026-09-09,PF248820,1.0,4,아데노바이러스,3
2026-09-03,2026-09-09,PF249529,,4,아데노바이러스,
2026-09-03,2026-09-09,PF249563,1.0,4,아데노바이러스,3
2026-09-03,2026-09-09,PF251017,,4,아데노바이러스,
2026-09-03,2026-09-09,PF252877,1.0,4,아데노바이러스,3
2026-09-03,2026-09-09,PF253944,,4,아데노바이러스,
2026-09-03,2026-09-09,PF254868,1.0,4,아데노바이러스,3
2026-09-03,2026-09-09,PF255313,,4,아데노바이러스,
2026-09-03,2026-09-09,PF256370,1.0,4,아데노바이러스,3
2026-09-03,2026-09-09,PF257417,1.0,4,아데노바이러스,3
2026-09-03,2026-09-09,PF257643,1.0,4,아데노바이러스,3
2026-09-03,2026-09-09,PF259143,2.0,4,아데노바이러스,3
2026-09-03,2026-09-09,PF259779,1.0,4,아데노바이러스,3
2026-09-03,2026-09-09,PF260200,2.0,4,아데노바이러스,3
2026-09-03,2026-09-09,PF264855,1.0,4,아데노바이러스,3
2026-09-03,2026-09-09,PF265271,1.0,4,아데노바이러스,3
2026-09-03,2026-09-09,PF266985,1.0,4,아데노바이러스,3
2026-09-03,2026-09-09,PF270484,1.0,4,아데노바이러스,3
2026-09-03,2026-09-09,PF272938,2.0,4,아데노바이러스,3
2026-09-03,2026-09-09,PF274143,1.0,4,아데노바이러스,3
2026-09-03,2026-09-09,PF276055,1.0,4,아데노바이러스,3
2026-09-03,2026-09-09,PF276681,1.0,4,아데노바이러스,3
2026-09-03,2026-09-09,PF277103,,4,아데노바이러스,
2026-09-03,2026-09-09,PF278194,1.0,4,아데노바이러스,3
2026-09-03,2026-09-09,PF280368,1.0,4,아데노바이러스,3
2026-09-03,2026-09-09,PF281481,,4,아데노바이러스,
2026-09-03,2026-09-09,PF281769,3.0,4,아데노바이러스,4
2026-09-03,2026-09-09,PF281822,3.0,4,아데노바이러스,4
2026-09-03,2026-09-09,PF281900,1.0,4,아데노바이러스,3
2026-09-03,2026-09-09,PF282103,1.0,4,아데노바이러스,3
2026-09-03,2026-09-09,PF282265,2.0,4,아데노바이러스,3
2026-09-03,2026-09-09,PF282357,1.0,4,아데노바이러스,3
2026-09-03,2026-09-09,PF282994,1.0,4,아데노바이러스,3
2026-09-03,2026-09-09,PF283137,,4,아데노바이러스,
2026-09-03,2026-09-09,PF283487,2.0,4,아데노바이러스,3
2026-09-03,2026-09-09,PF283834,1.0,4,아데노바이러스,3
2026-09-03,2026-09-09,PF284226,,4,아데노바이러스,
2026-09-03,2026-09-09,PF284594,2.0,4,아데노바이러스,3
2026-09-03,2026-09-09,PF284729,2.0,4,아데노바이러스,3
2026-09-03,2026-09-09,PF284789,1.0,4,아데노바이러스,3
2026-09-03,2026-09-09,PF284880,1.0,4,아데노바이러스,3
2026-09-03,2026-09-09,PF285349,1.0,4,아데노바이러스,3
2026-09-03,2026-09-09,PF285499,,4,아데노바이러스,
2026-09-03,2026-09-09,PF285591,1.0,4,아데노바이러스,3
2026-09-03,2026-09-09,PF285694,,4,아데노바이러스,
2026-09-03,2026-09-09,PF285839,1.0,4,아데노바이러스,3
2026-09-03,2026-09-09,PF285860,1.0,4,아데노바이러스,3
2026-09-03,2026-09-09,PF285965,,4,아데노바이러스,
2026-09-03,2026-09-09,PF285983,1.0,4,아데노바이러스,3
2026-09-03,2026-09-09,PF285984,,4,아데노바이러스,
2026-09-03,2026-09-09,PF285993,1.0,4,아데노바이러스,3
2026-09-03,2026-09-09,PF286003,1.0,4,아데노바이러스,3
2026-09-03,2026-09-09,PF286469,2.0,4,아데노바이러스,3
2026-09-03,2026-09-09,PF286497,1.0,4,아데노바이러스,3
2026-09-03,2026-09-09,PF286543,,4,아데노바이러스,
2026-09-03,2026-09-09,PF286553,1.0,4,아데노바이러스,3
2026-09-03,2026-09-09,PF286856,,4,아데노바이러스,
2026-09-03,2026-09-09,PF286899,,4,아데노바이러스,
2026-09-03,2026-09-09,PF286928,,4,아데노바이러스,
2026-09-03,2026-09-09,PF287252,,4,아데노바이러스,
2026-09-03,2026-09-09,PF287430,,4,아데노바이러스,
2026-09-03,2026-09-09,PF287509,1.0,4,아데노바이러스,3
2026-09-03,2026-09-09,PF287889,1.0,4,아데노바이러스,3
2026-09-03,2026-09-09,PF288040,1.0,4,아데노바이러스,3
2026-09-03,2026-09-09,PF288742,1.0,4,아데노바이러스,3
2026-09-03,2026-09-09,PF289265,1.0,4,아데노바이러스,3
2026-09-03,2026-09-09,PF289294,2.0,4,아데노바이러스,3
2026-09-03,2026-09-09,PF289561,2.0,4,아데노바이러스,3
2026-09-03,2026-09-09,PF290133,,4,아데노바이러스,
2026-09-03,2026-09-09,PF290349,,4,아데노바이러스,
2026-09-03,2026-09-09,PF290797,1.0,4,아데노바이러스,3
2026-09-03,2026-09-09,PF290945,1.0,4,아데노바이러스,3
2026-09-03,2026-09-09,PF291062,1.0,4,아데노바이러스,3
2026-09-03,2026-09-09,PF291510,,4,아데노바이러스,
2026-09-03,2026-09-09,PF291533,2.0,4,아데노바이러스,3
2026-09-03,2026-09-09,PF291557,3.0,4,아데노바이러스,4
2026-09-03,2026-09-09,PF291593,1.0,4,아데노바이러스,3
2026-09-03,2026-09-09,PF291607,1.0,4,아데노바이러스,3
2026-09-03,2026-09-09,PF292342,1.0,4,아데노바이러스,3
2026-09-03,2026-09-09,PF292469,2.0,4,아데노바이러스,3
2026-09-03,2026-09-09,PF293251,1.0,4,아데노바이러스,3
2026-09-03,2026-09-09,PF293269,1.0,4,아데노바이러스,3
2026-09-03,2026-09-09,PF295991,1.0,4,아데노바이러스,3
2026-09-03,2026-09-09,PF296088,1.0,4,아데노바이러스,3
2026-09-03,2026-09-09,PF296139,1.0,4,아데노바이러스,3
2026-09-03,2026-09-09,PF296263,1.0,4,아데노바이러스,3
2026-09-03,2026-09-09,PF296265,1.0,4,아데노바이러스,3
2026-09-03,2026-09-09,PF296289,1.0,4,아데노바이러스,3
2026-09-03,2026-09-09,PF296293,1.0,4,아데노바이러스,3
2026-09-03,2026-09-09,PF296312,,4,아데노바이러스,
2026-09-03,2026-09-09,PF296319,1.0,4,아데노바이러스,3
2026-09-03,2026-09-09,PF296597,1.0,4,아데노바이러스,3
2026-09-03,2026-09-09,PF296698,1.0,4,아데노바이러스,3
2026-09-03,2026-09-09,PF296729,1.0,4,아데노바이러스,3
2026-09-03,2026-09-09,PF296844,1.0,4,아데노바이러스,3
2026-09-03,2026-09-09,PF297031,1.0,4,아데노바이러스,3
2026-09-03,2026-09-09,PF297157,2.0,4,아데노바이러스,3
2026-09-03,2026-09-09,PF297249,1.0,4,아데노바이러스,3
2026-09-03,2026-09-09,PF297295,1.0,4,아데노바이러스,3
2026-09-03,2026-09-09,PF297349,1.0,4,아데노바이러스,3
2026-09-03,2026-09-09,PF297517,1.0,4,아데노바이러스,3
2026-09-03,2026-09-09,PF297539,2.0,4,아데노바이러스,3
2026-09-03,2026-09-09,PF297547,1.0,4,아데노바이러스,3
2026-09-03,2026-09-09,PF297684,1.0,4,아데노바이러스,3
2026-09-03,2026-09-09,PF297712,2.0,4,아데노바이러스,3
2026-09-03,2026-09-09,PF297898,,4,아데노바이러스,
2026-09-03,2026-09-09,PF298146,1.0,4,아데노바이러스,3
2026-09-03,2026-09-09,PF298171,1.0,4,아데노바이러스,3
2026-09-03,2026-09-09,PF298185,,4,아데노바이러스,
2026-09-03,2026-09-09,PF298763,1.0,4,아데노바이러스,3
2026-09-03,2026-09-09,PF300045,,4,아데노바이러스,
2026-09-03,2026-09-09,PF300103,,4,아데노바이러스,
2026-09-03,2026-09-09,PF300218,1.0,4,아데노바이러스,3
2026-09-10,2026-09-16,PF138268,1.0,2,아데노바이러스,1
2026-09-10,2026-09-16,PF147207,1.0,2,아데노바이러스,1
2026-09-10,2026-09-16,PF161298,1.0,2,아데노바이러스,1
2026-09-10,2026-09-16,PF170941,1.0,2,아데노바이러스,1
2026-09-10,2026-09-16,PF172538,1.0,2,아데노바이러스,1
2026-09-10,2026-09-16,PF173894,1.0,2,아데노바이러스,1
2026-09-10,2026-09-16,PF175093,1.0,2,아데노바이러스,1
2026-09-10,2026-09-16,PF185428,1.0,2,아데노바이러스,1
2026-09-10,2026-09-16,PF186819,1.0,2,아데노바이러스,1
2026-09-10,2026-09-16,PF189888,1.0,2,아데노바이러스,1
2026-09-10,2026-09-16,PF203142,1.0,2,아데노바이러스,1
2026-09-10,2026-09-16,PF214941,1.0,2,아데노바이러스,1
2026-09-10,2026-09-16,PF215020,2.0,2,아데노바이러스,2
2026-09-10,2026-09-16,PF216355,1.0,2,아데노바이러스,1
2026-09-10,2026-09-16,PF216967,,2,아데노바이러스,
2026-09-10,2026-09-16,PF218049,,2,아데노바이러스,
2026-09-10,2026-09-16,PF220426,,2,아데노바이러스,
2026-09-10,2026-09-16,PF229985,1.0,2,아데노바이러스,1
2026-09-10,2026-09-16,PF230196,,2,아데노바이러스,
2026-09-10,2026-09-16,PF234123,,2,아데노바이러스,
2026-09-10,2026-09-16,PF234521,,2,아데노바이러스,
2026-09-10,2026-09-16,PF235344,1.0,2,아데노바이러스,1
2026-09-10,2026-09-16,PF235543,2.0,2,아데노바이러스,2
2026-09-10,2026-09-16,PF235879,1.0,2,아데노바이러스,1
2026-09-10,2026-09-16,PF235885,1.0,2,아데노바이러스,1
2026-09-10,2026-09-16,PF236349,,2,아데노바이러스,
2026-09-10,2026-09-16,PF236460,,2,아데노바이러스,
2026-09-10,2026-09-16,PF236674,,2,아데노바이러스,
2026-09-10,2026-09-16,PF237479,,2,아데노바이러스,
2026-09-10,2026-09-16,PF239645,1.0,2,아데노바이러스,1
2026-09-10,2026-09-16,PF239850,1.0,2,아데노바이러스,1
2026-09-10,2026-09-16,PF241378,,2,아데노바이러스,
2026-09-10,2026-09-16,PF241439,1.0,2,아데노바이러스,1
2026-09-10,2026-09-16,PF242666,,2,아데노바이러스,
2026-09-10,2026-09-16,PF244959,,2,아데노바이러스,
2026-09-10,2026-09-16,PF247055,,2,아데노바이러스,
2026-09-10,2026-09-16,PF247233,,2,아데노바이러스,
2026-09-10,2026-09-16,PF247431,,2,아데노바이러스,
2026-09-10,2026-09-16,PF247938,2.0,2,아데노바이러스,2
2026-09-10,2026-09-16,PF248820,1.0,2,아데노바이러스,1
2026-09-10,2026-09-16,PF249529,,2,아데노바이러스,
2026-09-10,2026-09-16,PF249563,1.0,2,아데노바이러스,1
2026-09-10,2026-09-16,PF251017,,2,아데노바이러스,
2026-09-10,2026-09-16,PF252877,1.0,2,아데노바이러스,1
2026-09-10,2026-09-16,PF253944,,2,아데노바이러스,
2026-09-10,2026-09-16,PF254868,1.0,2,아데노바이러스,1
2026-09-10,2026-09-16,PF255313,,2,아데노바이러스,
2026-09-10,2026-09-16,PF256370,1.0,2,아데노바이러스,1
2026-09-10,2026-09-16,PF257417,1.0,2,아데노바이러스,1
2026-09-10,2026-09-16,PF257643,1.0,2,아데노바이러스,1
2026-09-10,2026-09-16,PF259143,2.0,2,아데노바이러스,2
2026-09-10,2026-09-16,PF259779,1.0,2,아데노바이러스,1
2026-09-10,2026-09-16,PF260200,2.0,2,아데노바이러스,2
2026-09-10,2026-09-16,PF264855,1.0,2,아데노바이러스,1
2026-09-10,2026-09-16,PF265271,1.0,2,아데노바이러스,1
2026-09-10,2026-09-16,PF266985,1.0,2,아데노바이러스,1
2026-09-10,2026-09-16,PF270484,1.0,2,아데노바이러스,1
2026-09-10,2026-09-16,PF272938,2.0,2,아데노바이러스,2
2026-09-10,2026-09-16,PF274143,1.0,2,아데노바이러스,1
2026-09-10,2026-09-16,PF276055,1.0,2,아데노바이러스,1
2026-09-10,2026-09-16,PF276681,1.0,2,아데노바이러스,1
2026-09-10,2026-09-16,PF277103,,2,아데노바이러스,
2026-09-10,2026-09-16,PF278194,1.0,2,아데노바이러스,1
2026-09-10,2026-09-16,PF280368,1.0,2,아데노바이러스,1
2026-09-10,2026-09-16,PF281481,,2,아데노바이러스,
2026-09-10,2026-09-16,PF281769,3.0,2,아데노바이러스,2
2026-09-10,2026-09-16,PF281822,3.0,2,아데노바이러스,2
2026-09-10,2026-09-16,PF281900,1.0,2,아데노바이러스,1
2026-09-10,2026-09-16,PF282103,1.0,2,아데노바이러스,1
2026-09-10,2026-09-16,PF282153,,2,아데노바이러스,
2026-09-10,2026-09-16,PF282265,2.0,2,아데노바이러스,2
2026-09-10,2026-09-16,PF282357,1.0,2,아데노바이러스,1
2026-09-10,2026-09-16,PF282994,1.0,2,아데노바이러스,1
2026-09-10,2026-09-16,PF283137,,2,아데노바이러스,
2026-09-10,2026-09-16,PF283487,2.0,2,아데노바이러스,2
2026-09-10,2026-09-16,PF283834,1.0,2,아데노바이러스,1
2026-09-10,2026-09-16,PF284226,,2,아데노바이러스,
2026-09-10,2026-09-16,PF284594,2.0,2,아데노바이러스,2
2026-09-10,2026-09-16,PF284729,2.0,2,아데노바이러스,2
2026-09-10,2026-09-16,PF284789,1.0,2,아데노바이러스,1
2026-09-10,2026-09-16,PF284880,1.0,2,아데노바이러스,1
2026-09-10,2026-09-16,PF285349,1.0,2,아데노바이러스,1
2026-09-10,2026-09-16,PF285499,,2,아데노바이러스,
2026-09-10,2026-09-16,PF285591,1.0,2,아데노바이러스,1
2026-09-10,2026-09-16,PF285694,,2,아데노바이러스,
2026-09-10,2026-09-16,PF285839,1.0,2,아데노바이러스,1
2026-09-10,2026-09-16,PF285860,1.0,2,아데노바이러스,1
2026-09-10,2026-09-16,PF285965,,2,아데노바이러스,
2026-09-10,2026-09-16,PF285983,1.0,2,아데노바이러스,1
2026-09-10,2026-09-16,PF285984,,2,아데노바이러스,
2026-09-10,2026-09-16,PF285993,1.0,2,아데노바이러스,1
2026-09-10,2026-09-16,PF286003,1.0,2,아데노바이러스,1
2026-09-10,2026-09-16,PF286469,2.0,2,아데노바이러스,2
2026-09-10,2026-09-16,PF286497,1.0,2,아데노바이러스,1
2026-09-10,2026-09-16,PF286543,,2,아데노바이러스,
2026-09-10,2026-09-16,PF286553,1.0,2,아데노바이러스,1
2026-09-10,2026-09-16,PF286856,,2,아데노바이러스,
2026-09-10,2026-09-16,PF286899,,2,아데노바이러스,
2026-09-10,2026-09-16,PF286928,,2,아데노바이러스,
2026-09-10,2026-09-16,PF287252,,2,아데노바이러스,
2026-09-10,2026-09-16,PF287430,,2,아데노바이러스,
2026-09-10,2026-09-16,PF287509,1.0,2,아데노바이러스,1
2026-09-10,2026-09-16,PF287889,1.0,2,아데노바이러스,1
2026-09-10,2026-09-16,PF288040,1.0,2,아데노바이러스,1
2026-09-10,2026-09-16,PF288742,1.0,2,아데노바이러스,1
2026-09-10,2026-09-16,PF289265,1.0,2,아데노바이러스,1
2026-09-10,2026-09-16,PF289294,2.0,2,아데노바이러스,2
2026-09-10,2026-09-16,PF289561,2.0,2,아데노바이러스,2
2026-09-10,2026-09-16,PF290133,,2,아데노바이러스,
2026-09-10,2026-09-16,PF290349,,2,아데노바이러스,
2026-09-10,2026-09-16,PF290797,1.0,2,아데노바이러스,1
2026-09-10,2026-09-16,PF290945,1.0,2,아데노바이러스,1
2026-09-10,2026-09-16,PF291062,1.0,2,아데노바이러스,1
2026-09-10,2026-09-16,PF291510,,2,아데노바이러스,
2026-09-10,2026-09-16,PF291533,2.0,2,아데노바이러스,2
2026-09-10,2026-09-16,PF291557,3.0,2,아데노바이러스,2
2026-09-10,2026-09-16,PF291593,1.0,2,아데노바이러스,1
2026-09-10,2026-09-16,PF291607,1.0,2,아데노바이러스,1
2026-09-10,2026-09-16,PF292342,1.0,2,아데노바이러스,1
2026-09-10,2026-09-16,PF292469,2.0,2,아데노바이러스,2
2026-09-10,2026-09-16,PF293251,1.0,2,아데노바이러스,1
2026-09-10,2026-09-16,PF293269,1.0,2,아데노바이러스,1
2026-09-10,2026-09-16,PF295991,1.0,2,아데노바이러스,1
2026-09-10,2026-09-16,PF296088,1.0,2,아데노바이러스,1
2026-09-10,2026-09-16,PF296139,1.0,2,아데노바이러스,1
2026-09-10,2026-09-16,PF296148,2.0,2,아데노바이러스,2
2026-09-10,2026-09-16,PF296263,1.0,2,아데노바이러스,1
2026-09-10,2026-09-16,PF296265,1.0,2,아데노바이러스,1
2026-09-10,2026-09-16,PF296289,1.0,2,아데노바이러스,1
2026-09-10,2026-09-16,PF296293,1.0,2,아데노바이러스,1
2026-09-10,2026-09-16,PF296312,,2,아데노바이러스,
2026-09-10,2026-09-16,PF296319,1.0,2,아데노바이러스,1
2026-09-10,2026-09-16,PF296597,1.0,2,아데노바이러스,1
2026-09-10,2026-09-16,PF296698,1.0,2,아데노바이러스,1
2026-09-10,2026-09-16,PF296729,1.0,2,아데노바이러스,1
2026-09-10,2026-09-16,PF296844,1.0,2,아데노바이러스,1
2026-09-10,2026-09-16,PF297031,1.0,2,아데노바이러스,1
2026-09-10,2026-09-16,PF297157,2.0,2,아데노바이러스,2
2026-09-10,2026-09-16,PF297249,1.0,2,아데노바이러스,1
2026-09-10,2026-09-16,PF297295,1.0,2,아데노바이러스,1
2026-09-10,2026-09-16,PF297349,1.0,2,아데노바이러스,1
2026-09-10,2026-09-16,PF297517,1.0,2,아데노바이러스,1
2026-09-10,2026-09-16,PF297539,2.0,2,아데노바이러스,2
2026-09-10,2026-09-16,PF297547,1.0,2,아데노바이러스,1
2026-09-10,2026-09-16,PF297650,1.0,2,아데노바이러스,1
2026-09-10,2026-09-16,PF297684,1.0,2,아데노바이러스,1
2026-09-10,2026-09-16,PF297712,2.0,2,아데노바이러스,2
2026-09-10,2026-09-16,PF297898,,2,아데노바이러스,
2026-09-10,2026-09-16,PF297912,3.0,2,아데노바이러스,2
2026-09-10,2026-09-16,PF297978,2.0,2,아데노바이러스,2
2026-09-10,2026-09-16,PF298146,1.0,2,아데노바이러스,1
2026-09-10,2026-09-16,PF298171,1.0,2,아데노바이러스,1
2026-09-10,2026-09-16,PF298185,,2,아데노바이러스,
2026-09-10,2026-09-16,PF298593,2.0,2,아데노바이러스,2
2026-09-10,2026-09-16,PF298596,1.0,2,아데노바이러스,1
2026-09-10,2026-09-16,PF298632,1.0,2,아데노바이러스,1
2026-09-10,2026-09-16,PF298763,1.0,2,아데노바이러스,1
2026-09-10,2026-09-16,PF299214,1.0,2,아데노바이러스,1
2026-09-10,2026-09-16,PF299275,1.0,2,아데노바이러스,1
2026-09-10,2026-09-16,PF299291,,2,아데노바이러스,
2026-09-10,2026-09-16,PF300045,,2,아데노바이러스,
2026-09-10,2026-09-16,PF300103,,2,아데노바이러스,
2026-09-10,2026-09-16,PF300218,1.0,2,아데노바이러스,1
2026-09-17,2026-09-23,PF138268,1.0,3,아데노바이러스,2
2026-09-17,2026-09-23,PF147207,1.0,3,아데노바이러스,2
2026-09-17,2026-09-23,PF161298,1.0,3,아데노바이러스,2
2026-09-17,2026-09-23,PF170941,1.0,3,아데노바이러스,2
2026-09-17,2026-09-23,PF172538,1.0,3,아데노바이러스,2
2026-09-17,2026-09-23,PF173894,1.0,3,아데노바이러스,2
2026-09-17,2026-09-23,PF175093,1.0,3,아데노바이러스,2
2026-09-17,2026-09-23,PF185428,1.0,3,아데노바이러스,2
2026-09-17,2026-09-23,PF186819,1.0,3,아데노바이러스,2
2026-09-17,2026-09-23,PF189888,1.0,3,아데노바이러스,2
2026-09-17,2026-09-23,PF203142,1.0,3,아데노바이러스,2
2026-09-17,2026-09-23,PF214941,1.0,3,아데노바이러스,2
2026-09-17,2026-09-23,PF215020,2.0,3,아데노바이러스,3
2026-09-17,2026-09-23,PF216355,1.0,3,아데노바이러스,2
2026-09-17,2026-09-23,PF216967,,3,아데노바이러스,
2026-09-17,2026-09-23,PF218049,,3,아데노바이러스,
2026-09-17,2026-09-23,PF220426,,3,아데노바이러스,
2026-09-17,2026-09-23,PF229985,1.0,3,아데노바이러스,2
2026-09-17,2026-09-23,PF230196,,3,아데노바이러스,
2026-09-17,2026-09-23,PF234123,,3,아데노바이러스,
2026-09-17,2026-09-23,PF234521,,3,아데노바이러스,
2026-09-17,2026-09-23,PF235344,1.0,3,아데노바이러스,2
2026-09-17,2026-09-23,PF235543,2.0,3,아데노바이러스,3
2026-09-17,2026-09-23,PF235879,1.0,3,아데노바이러스,2
2026-09-17,2026-09-23,PF235885,1.0,3,아데노바이러스,2
2026-09-17,2026-09-23,PF236349,,3,아데노바이러스,
2026-09-17,2026-09-23,PF236460,,3,아데노바이러스,
2026-09-17,2026-09-23,PF236674,,3,아데노바이러스,
2026-09-17,2026-09-23,PF237479,,3,아데노바이러스,
2026-09-17,2026-09-23,PF239645,1.0,3,아데노바이러스,2
2026-09-17,2026-09-23,PF239850,1.0,3,아데노바이러스,2
2026-09-17,2026-09-23,PF241378,,3,아데노바이러스,
2026-09-17,2026-09-23,PF241439,1.0,3,아데노바이러스,2
2026-09-17,2026-09-23,PF242666,,3,아데노바이러스,
2026-09-17,2026-09-23,PF244959,,3,아데노바이러스,
2026-09-17,2026-09-23,PF247055,,3,아데노바이러스,
2026-09-17,2026-09-23,PF247233,,3,아데노바이러스,
2026-09-17,2026-09-23,PF247431,,3,아데노바이러스,
2026-09-17,2026-09-23,PF247938,2.0,3,아데노바이러스,3
2026-09-17,2026-09-23,PF248820,1.0,3,아데노바이러스,2
2026-09-17,2026-09-23,PF249529,,3,아데노바이러스,
2026-09-17,2026-09-23,PF249563,1.0,3,아데노바이러스,2
2026-09-17,2026-09-23,PF251017,,3,아데노바이러스,
2026-09-17,2026-09-23,PF252877,1.0,3,아데노바이러스,2
2026-09-17,2026-09-23,PF253944,,3,아데노바이러스,
2026-09-17,2026-09-23,PF254868,1.0,3,아데노바이러스,2
2026-09-17,2026-09-23,PF255313,,3,아데노바이러스,
2026-09-17,2026-09-23,PF256370,1.0,3,아데노바이러스,2
2026-09-17,2026-09-23,PF257417,1.0,3,아데노바이러스,2
2026-09-17,2026-09-23,PF257643,1.0,3,아데노바이러스,2
2026-09-17,2026-09-23,PF259143,2.0,3,아데노바이러스,3
2026-09-17,2026-09-23,PF259779,1.0,3,아데노바이러스,2
2026-09-17,2026-09-23,PF260200,2.0,3,아데노바이러스,3
2026-09-17,2026-09-23,PF264855,1.0,3,아데노바이러스,2
2026-09-17,2026-09-23,PF265271,1.0,3,아데노바이러스,2
2026-09-17,2026-09-23,PF266985,1.0,3,아데노바이러스,2
2026-09-17,2026-09-23,PF270484,1.0,3,아데노바이러스,2
2026-09-17,2026-09-23,PF272938,2.0,3,아데노바이러스,3
2026-09-17,2026-09-23,PF274143,1.0,3,아데노바이러스,2
2026-09-17,2026-09-23,PF276055,1.0,3,아데노바이러스,2
2026-09-17,2026-09-23,PF276681,1.0,3,아데노바이러스,2
2026-09-17,2026-09-23,PF277103,,3,아데노바이러스,
2026-09-17,2026-09-23,PF278194,1.0,3,아데노바이러스,2
2026-09-17,2026-09-23,PF280368,1.0,3,아데노바이러스,2
2026-09-17,2026-09-23,PF281481,,3,아데노바이러스,
2026-09-17,2026-09-23,PF281769,3.0,3,아데노바이러스,3
2026-09-17,2026-09-23,PF281822,3.0,3,아데노바이러스,3
2026-09-17,2026-09-23,PF281900,1.0,3,아데노바이러스,2
2026-09-17,2026-09-23,PF282103,1.0,3,아데노바이러스,2
2026-09-17,2026-09-23,PF282153,,3,아데노바이러스,
2026-09-17,2026-09-23,PF282265,2.0,3,아데노바이러스,3
2026-09-17,2026-09-23,PF282357,1.0,3,아데노바이러스,2
2026-09-17,2026-09-23,PF282994,1.0,3,아데노바이러스,2
2026-09-17,2026-09-23,PF283137,,3,아데노바이러스,
2026-09-17,2026-09-23,PF283487,2.0,3,아데노바이러스,3
2026-09-17,2026-09-23,PF283834,1.0,3,아데노바이러스,2
2026-09-17,2026-09-23,PF284226,,3,아데노바이러스,
2026-09-17,2026-09-23,PF284594,2.0,3,아데노바이러스,3
2026-09-17,2026-09-23,PF284729,2.0,3,아데노바이러스,3
2026-09-17,2026-09-23,PF284789,1.0,3,아데노바이러스,2
2026-09-17,2026-09-23,PF284880,1.0,3,아데노바이러스,2
2026-09-17,2026-09-23,PF285349,1.0,3,아데노바이러스,2
2026-09-17,2026-09-23,PF285499,,3,아데노바이러스,
2026-09-17,2026-09-23,PF285591,1.0,3,아데노바이러스,2
2026-09-17,2026-09-23,PF285694,,3,아데노바이러스,
2026-09-17,2026-09-23,PF285839,1.0,3,아데노바이러스,2
2026-09-17,2026-09-23,PF285860,1.0,3,아데노바이러스,2
2026-09-17,2026-09-23,PF285965,,3,아데노바이러스,
2026-09-17,2026-09-23,PF285983,1.0,3,아데노바이러스,2
2026-09-17,2026-09-23,PF285984,,3,아데노바이러스,
2026-09-17,2026-09-23,PF285993,1.0,3,아데노바이러스,2
2026-09-17,2026-09-23,PF286003,1.0,3,아데노바이러스,2
2026-09-17,2026-09-23,PF286469,2.0,3,아데노바이러스,3
2026-09-17,2026-09-23,PF286497,1.0,3,아데노바이러스,2
2026-09-17,2026-09-23,PF286543,,3,아데노바이러스,
2026-09-17,2026-09-23,PF286553,1.0,3,아데노바이러스,2
2026-09-17,2026-09-23,PF286856,,3,아데노바이러스,
2026-09-17,2026-09-23,PF286899,,3,아데노바이러스,
2026-09-17,2026-09-23,PF286928,,3,아데노바이러스,
2026-09-17,2026-09-23,PF287252,,3,아데노바이러스,
2026-09-17,2026-09-23,PF287430,,3,아데노바이러스,
2026-09-17,2026-09-23,PF287509,1.0,3,아데노바이러스,2
2026-09-17,2026-09-23,PF287889,1.0,3,아데노바이러스,2
2026-09-17,2026-09-23,PF288040,1.0,3,아데노바이러스,2
2026-09-17,2026-09-23,PF288742,1.0,3,아데노바이러스,2
2026-09-17,2026-09-23,PF289265,1.0,3,아데노바이러스,2
2026-09-17,2026-09-23,PF289294,2.0,3,아데노바이러스,3
2026-09-17,2026-09-23,PF289561,2.0,3,아데노바이러스,3
2026-09-17,2026-09-23,PF290133,,3,아데노바이러스,
2026-09-17,2026-09-23,PF290349,,3,아데노바이러스,
2026-09-17,2026-09-23,PF290797,1.0,3,아데노바이러스,2
2026-09-17,2026-09-23,PF290945,1.0,3,아데노바이러스,2
2026-09-17,2026-09-23,PF291062,1.0,3,아데노바이러스,2
2026-09-17,2026-09-23,PF291510,,3,아데노바이러스,
2026-09-17,2026-09-23,PF291533,2.0,3,아데노바이러스,3
2026-09-17,2026-09-23,PF291557,3.0,3,아데노바이러스,3
2026-09-17,2026-09-23,PF291593,1.0,3,아데노바이러스,2
2026-09-17,2026-09-23,PF291607,1.0,3,아데노바이러스,2
2026-09-17,2026-09-23,PF292342,1.0,3,아데노바이러스,2
2026-09-17,2026-09-23,PF292469,2.0,3,아데노바이러스,3
2026-09-17,2026-09-23,PF293251,1.0,3,아데노바이러스,2
2026-09-17,2026-09-23,PF293269,1.0,3,아데노바이러스,2
2026-09-17,2026-09-23,PF295991,1.0,3,아데노바이러스,2
2026-09-17,2026-09-23,PF296088,1.0,3,아데노바이러스,2
2026-09-17,2026-09-23,PF296104,,3,아데노바이러스,
2026-09-17,2026-09-23,PF296139,1.0,3,아데노바이러스,2
2026-09-17,2026-09-23,PF296148,2.0,3,아데노바이러스,3
2026-09-17,2026-09-23,PF296263,1.0,3,아데노바이러스,2
2026-09-17,2026-09-23,PF296265,1.0,3,아데노바이러스,2
2026-09-17,2026-09-23,PF296289,1.0,3,아데노바이러스,2
2026-09-17,2026-09-23,PF296293,1.0,3,아데노바이러스,2
2026-09-17,2026-09-23,PF296312,,3,아데노바이러스,
2026-09-17,2026-09-23,PF296319,1.0,3,아데노바이러스,2
2026-09-17,2026-09-23,PF296597,1.0,3,아데노바이러스,2
2026-09-17,2026-09-23,PF296698,1.0,3,아데노바이러스,2
2026-09-17,2026-09-23,PF296729,1.0,3,아데노바이러스,2
2026-09-17,2026-09-23,PF296844,1.0,3,아데노바이러스,2
2026-09-17,2026-09-23,PF296942,,3,아데노바이러스,
2026-09-17,2026-09-23,PF297031,1.0,3,아데노바이러스,2
2026-09-17,2026-09-23,PF297157,2.0,3,아데노바이러스,3
2026-09-17,2026-09-23,PF297249,1.0,3,아데노바이러스,2
2026-09-17,2026-09-23,PF297295,1.0,3,아데노바이러스,2
2026-09-17,2026-09-23,PF297349,1.0,3,아데노바이러스,2
2026-09-17,2026-09-23,PF297517,1.0,3,아데노바이러스,2
2026-09-17,2026-09-23,PF297539,2.0,3,아데노바이러스,3
2026-09-17,2026-09-23,PF297547,1.0,3,아데노바이러스,2
2026-09-17,2026-09-23,PF297594,1.0,3,아데노바이러스,2
2026-09-17,2026-09-23,PF297650,1.0,3,아데노바이러스,2
2026-09-17,2026-09-23,PF297684,1.0,3,아데노바이러스,2
2026-09-17,2026-09-23,PF297712,2.0,3,아데노바이러스,3
2026-09-17,2026-09-23,PF297794,2.0,3,아데노바이러스,3
2026-09-17,2026-09-23,PF297898,,3,아데노바이러스,
2026-09-17,2026-09-23,PF297912,3.0,3,아데노바이러스,3
2026-09-17,2026-09-23,PF297976,2.0,3,아데노바이러스,3
2026-09-17,2026-09-23,PF297978,2.0,3,아데노바이러스,3
2026-09-17,2026-09-23,PF298081,1.0,3,아데노바이러스,2
2026-09-17,2026-09-23,PF298146,1.0,3,아데노바이러스,2
2026-09-17,2026-09-23,PF298171,1.0,3,아데노바이러스,2
2026-09-17,2026-09-23,PF298185,,3,아데노바이러스,
2026-09-17,2026-09-23,PF298593,2.0,3,아데노바이러스,3
2026-09-17,2026-09-23,PF298596,1.0,3,아데노바이러스,2
2026-09-17,2026-09-23,PF298632,1.0,3,아데노바이러스,2
2026-09-17,2026-09-23,PF298763,1.0,3,아데노바이러스,2
2026-09-17,2026-09-23,PF298792,2.0,3,아데노바이러스,3
2026-09-17,2026-09-23,PF298801,2.0,3,아데노바이러스,3
2026-09-17,2026-09-23,PF299214,1.0,3,아데노바이러스,2
2026-09-17,2026-09-23,PF299275,1.0,3,아데노바이러스,2
2026-09-17,2026-09-23,PF299291,,3,아데노바이러스,
2026-09-17,2026-09-23,PF300045,,3,아데노바이러스,
2026-09-17,2026-09-23,PF300103,,3,아데노바이러스,
2026-09-17,2026-09-23,PF300218,1.0,3,아데노바이러스,2
2026-09-17,2026-09-23,PF300366,1.0,3,아데노바이러스,2
2026-09-17,2026-09-23,PF300531,,3,아데노바이러스,
2026-09-17,2026-09-23,PF300823,1.0,3,아데노바이러스,2
2026-09-17,2026-09-23,PF300963,1.0,3,아데노바이러스,2
2026-09-17,2026-09-23,PF301046,1.0,3,아데노바이러스,2
2026-09-17,2026-09-23,PF301613,1.0,3,아데노바이러스,2
2026-09-24,2026-09-30,PF138268,1.0,2,인플루엔자바이러스,1
2026-09-24,2026-09-30,PF147207,1.0,2,인플루엔자바이러스,1
2026-09-24,2026-09-30,PF161298,1.0,2,인플루엔자바이러스,1
2026-09-24,2026-09-30,PF170941,1.0,2,인플루엔자바이러스,1
2026-09-24,2026-09-30,PF172538,1.0,2,인플루엔자바이러스,1
2026-09-24,2026-09-30,PF173894,1.0,2,인플루엔자바이러스,1
2026-09-24,2026-09-30,PF175093,1.0,2,인플루엔자바이러스,1
2026-09-24,2026-09-30,PF185428,1.0,2,인플루엔자바이러스,1
2026-09-24,2026-09-30,PF186819,1.0,2,인플루엔자바이러스,1
2026-09-24,2026-09-30,PF189888,1.0,2,인플루엔자바이러스,1
2026-09-24,2026-09-30,PF203142,1.0,2,인플루엔자바이러스,1
2026-09-24,2026-09-30,PF214941,1.0,2,인플루엔자바이러스,1
2026-09-24,2026-09-30,PF215020,2.0,2,인플루엔자바이러스,2
2026-09-24,2026-09-30,PF216355,1.0,2,인플루엔자바이러스,1
2026-09-24,2026-09-30,PF216967,,2,인플루엔자바이러스,
2026-09-24,2026-09-30,PF218049,,2,인플루엔자바이러스,
2026-09-24,2026-09-30,PF220426,,2,인플루엔자바이러스,
2026-09-24,2026-09-30,PF229985,1.0,2,인플루엔자바이러스,1
2026-09-24,2026-09-30,PF230196,,2,인플루엔자바이러스,
2026-09-24,2026-09-30,PF234123,,2,인플루엔자바이러스,
2026-09-24,2026-09-30,PF234521,,2,인플루엔자바이러스,
2026-09-24,2026-09-30,PF235344,1.0,2,인플루엔자바이러스,1
2026-09-24,2026-09-30,PF235543,2.0,2,인플루엔자바이러스,2
2026-09-24,2026-09-30,PF235879,1.0,2,인플루엔자바이러스,1
2026-09-24,2026-09-30,PF235885,1.0,2,인플루엔자바이러스,1
2026-09-24,2026-09-30,PF236349,,2,인플루엔자바이러스,
2026-09-24,2026-09-30,PF236460,,2,인플루엔자바이러스,
2026-09-24,2026-09-30,PF236674,,2,인플루엔자바이러스,
2026-09-24,2026-09-30,PF237479,,2,인플루엔자바이러스,
2026-09-24,2026-09-30,PF239645,1.0,2,인플루엔자바이러스,1
2026-09-24,2026-09-30,PF239850,1.0,2,인플루엔자바이러스,1
2026-09-24,2026-09-30,PF241378,,2,인플루엔자바이러스,
2026-09-24,2026-09-30,PF241439,1.0,2,인플루엔자바이러스,1
2026-09-24,2026-09-30,PF242666,,2,인플루엔자바이러스,
2026-09-24,2026-09-30,PF244959,,2,인플루엔자바이러스,
2026-09-24,2026-09-30,PF247055,,2,인플루엔자바이러스,
2026-09-24,2026-09-30,PF247233,,2,인플루엔자바이러스,
2026-09-24,2026-09-30,PF247431,,2,인플루엔자바이러스,
2026-09-24,2026-09-30,PF247938,2.0,2,인플루엔자바이러스,2
2026-09-24,2026-09-30,PF248820,1.0,2,인플루엔자바이러스,1
2026-09-24,2026-09-30,PF249529,,2,인플루엔자바이러스,
2026-09-24,2026-09-30,PF249563,1.0,2,인플루엔자바이러스,1
2026-09-24,2026-09-30,PF251017,,2,인플루엔자바이러스,
2026-09-24,2026-09-30,PF252877,1.0,2,인플루엔자바이러스,1
2026-09-24,2026-09-30,PF253944,,2,인플루엔자바이러스,
2026-09-24,2026-09-30,PF254868,1.0,2,인플루엔자바이러스,1
2026-09-24,2026-09-30,PF255313,,2,인플루엔자바이러스,
2026-09-24,2026-09-30,PF256370,1.0,2,인플루엔자바이러스,1
2026-09-24,2026-09-30,PF257417,1.0,2,인플루엔자바이러스,1
2026-09-24,2026-09-30,PF257643,1.0,2,인플루엔자바이러스,1
2026-09-24,2026-09-30,PF259143,2.0,2,인플루엔자바이러스,2
2026-09-24,2026-09-30,PF259779,1.0,2,인플루엔자바이러스,1
2026-09-24,2026-09-30,PF260200,2.0,2,인플루엔자바이러스,2
2026-09-24,2026-09-30,PF264855,1.0,2,인플루엔자바이러스,1
2026-09-24,2026-09-30,PF265271,1.0,2,인플루엔자바이러스,1
2026-09-24,2026-09-30,PF266985,1.0,2,인플루엔자바이러스,1
2026-09-24,2026-09-30,PF270484,1.0,2,인플루엔자바이러스,1
2026-09-24,2026-09-30,PF272938,2.0,2,인플루엔자바이러스,2
2026-09-24,2026-09-30,PF274143,1.0,2,인플루엔자바이러스,1
2026-09-24,2026-09-30,PF276055,1.0,2,인플루엔자바이러스,1
2026-09-24,2026-09-30,PF276681,1.0,2,인플루엔자바이러스,1
2026-09-24,2026-09-30,PF277103,,2,인플루엔자바이러스,
2026-09-24,2026-09-30,PF278194,1.0,2,인플루엔자바이러스,1
2026-09-24,2026-09-30,PF280368,1.0,2,인플루엔자바이러스,1
2026-09-24,2026-09-30,PF281481,,2,인플루엔자바이러스,
2026-09-24,2026-09-30,PF281769,3.0,2,인플루엔자바이러스,2
2026-09-24,2026-09-30,PF281822,3.0,2,인플루엔자바이러스,2
2026-09-24,2026-09-30,PF281900,1.0,2,인플루엔자바이러스,1
2026-09-24,2026-09-30,PF282103,1.0,2,인플루엔자바이러스,1
2026-09-24,2026-09-30,PF282153,,2,인플루엔자바이러스,
2026-09-24,2026-09-30,PF282265,2.0,2,인플루엔자바이러스,2
2026-09-24,2026-09-30,PF282357,1.0,2,인플루엔자바이러스,1
2026-09-24,2026-09-30,PF282994,1.0,2,인플루엔자바이러스,1
2026-09-24,2026-09-30,PF283137,,2,인플루엔자바이러스,
2026-09-24,2026-09-30,PF283487,2.0,2,인플루엔자바이러스,2
2026-09-24,2026-09-30,PF283834,1.0,2,인플루엔자바이러스,1
2026-09-24,2026-09-30,PF284226,,2,인플루엔자바이러스,
2026-09-24,2026-09-30,PF284594,2.0,2,인플루엔자바이러스,2
2026-09-24,2026-09-30,PF284729,2.0,2,인플루엔자바이러스,2
2026-09-24,2026-09-30,PF284789,1.0,2,인플루엔자바이러스,1
2026-09-24,2026-09-30,PF284880,1.0,2,인플루엔자바이러스,1
2026-09-24,2026-09-30,PF285349,1.0,2,인플루엔자바이러스,1
2026-09-24,2026-09-30,PF285499,,2,인플루엔자바이러스,
2026-09-24,2026-09-30,PF285591,1.0,2,인플루엔자바이러스,1
2026-09-24,2026-09-30,PF285694,,2,인플루엔자바이러스,
2026-09-24,2026-09-30,PF285839,1.0,2,인플루엔자바이러스,1
2026-09-24,2026-09-30,PF285860,1.0,2,인플루엔자바이러스,1
2026-09-24,2026-09-30,PF285965,,2,인플루엔자바이러스,
2026-09-24,2026-09-30,PF285983,1.0,2,인플루엔자바이러스,1
2026-09-24,2026-09-30,PF285984,,2,인플루엔자바이러스,
2026-09-24,2026-09-30,PF285993,1.0,2,인플루엔자바이러스,1
2026-09-24,2026-09-30,PF286003,1.0,2,인플루엔자바이러스,1
2026-09-24,2026-09-30,PF286469,2.0,2,인플루엔자바이러스,2
2026-09-24,2026-09-30,PF286497,1.0,2,인플루엔자바이러스,1
2026-09-24,2026-09-30,PF286543,,2,인플루엔자바이러스,
2026-09-24,2026-09-30,PF286553,1.0,2,인플루엔자바이러스,1
2026-09-24,2026-09-30,PF286575,,2,인플루엔자바이러스,
2026-09-24,2026-09-30,PF286762,,2,인플루엔자바이러스,
2026-09-24,2026-09-30,PF286856,,2,인플루엔자바이러스,
2026-09-24,2026-09-30,PF286899,,2,인플루엔자바이러스,
2026-09-24,2026-09-30,PF286928,,2,인플루엔자바이러스,
2026-09-24,2026-09-30,PF287252,,2,인플루엔자바이러스,
2026-09-24,2026-09-30,PF287430,,2,인플루엔자바이러스,
2026-09-24,2026-09-30,PF287509,1.0,2,인플루엔자바이러스,1
2026-09-24,2026-09-30,PF287889,1.0,2,인플루엔자바이러스,1
2026-09-24,2026-09-30,PF287911,2.0,2,인플루엔자바이러스,2
2026-09-24,2026-09-30,PF288040,1.0,2,인플루엔자바이러스,1
2026-09-24,2026-09-30,PF288742,1.0,2,인플루엔자바이러스,1
2026-09-24,2026-09-30,PF289265,1.0,2,인플루엔자바이러스,1
2026-09-24,2026-09-30,PF289294,2.0,2,인플루엔자바이러스,2
2026-09-24,2026-09-30,PF289561,2.0,2,인플루엔자바이러스,2
2026-09-24,2026-09-30,PF290133,,2,인플루엔자바이러스,
2026-09-24,2026-09-30,PF290349,,2,인플루엔자바이러스,
2026-09-24,2026-09-30,PF290797,1.0,2,인플루엔자바이러스,1
2026-09-24,2026-09-30,PF290945,1.0,2,인플루엔자바이러스,1
2026-09-24,2026-09-30,PF291062,1.0,2,인플루엔자바이러스,1
2026-09-24,2026-09-30,PF291510,,2,인플루엔자바이러스,
2026-09-24,2026-09-30,PF291533,2.0,2,인플루엔자바이러스,2
2026-09-24,2026-09-30,PF291557,3.0,2,인플루엔자바이러스,2
2026-09-24,2026-09-30,PF291593,1.0,2,인플루엔자바이러스,1
2026-09-24,2026-09-30,PF291607,1.0,2,인플루엔자바이러스,1
2026-09-24,2026-09-30,PF292342,1.0,2,인플루엔자바이러스,1
2026-09-24,2026-09-30,PF292469,2.0,2,인플루엔자바이러스,2
2026-09-24,2026-09-30,PF293251,1.0,2,인플루엔자바이러스,1
2026-09-24,2026-09-30,PF293269,1.0,2,인플루엔자바이러스,1
2026-09-24,2026-09-30,PF294102,,2,인플루엔자바이러스,
2026-09-24,2026-09-30,PF295991,1.0,2,인플루엔자바이러스,1
2026-09-24,2026-09-30,PF296088,1.0,2,인플루엔자바이러스,1
2026-09-24,2026-09-30,PF296104,,2,인플루엔자바이러스,
2026-09-24,2026-09-30,PF296121,2.0,2,인플루엔자바이러스,2
2026-09-24,2026-09-30,PF296139,1.0,2,인플루엔자바이러스,1
2026-09-24,2026-09-30,PF296148,2.0,2,인플루엔자바이러스,2
2026-09-24,2026-09-30,PF296263,1.0,2,인플루엔자바이러스,1
2026-09-24,2026-09-30,PF296265,1.0,2,인플루엔자바이러스,1
2026-09-24,2026-09-30,PF296289,1.0,2,인플루엔자바이러스,1
2026-09-24,2026-09-30,PF296293,1.0,2,인플루엔자바이러스,1
2026-09-24,2026-09-30,PF296312,,2,인플루엔자바이러스,
2026-09-24,2026-09-30,PF296319,1.0,2,인플루엔자바이러스,1
2026-09-24,2026-09-30,PF296382,2.0,2,인플루엔자바이러스,2
2026-09-24,2026-09-30,PF296597,1.0,2,인플루엔자바이러스,1
2026-09-24,2026-09-30,PF296685,,2,인플루엔자바이러스,
2026-09-24,2026-09-30,PF296698,1.0,2,인플루엔자바이러스,1
2026-09-24,2026-09-30,PF296720,2.0,2,인플루엔자바이러스,2
2026-09-24,2026-09-30,PF296729,1.0,2,인플루엔자바이러스,1
2026-09-24,2026-09-30,PF296739,3.0,2,인플루엔자바이러스,2
2026-09-24,2026-09-30,PF296844,1.0,2,인플루엔자바이러스,1
2026-09-24,2026-09-30,PF296891,3.0,2,인플루엔자바이러스,2
2026-09-24,2026-09-30,PF296942,,2,인플루엔자바이러스,
2026-09-24,2026-09-30,PF297031,1.0,2,인플루엔자바이러스,1
2026-09-24,2026-09-30,PF297157,2.0,2,인플루엔자바이러스,2
2026-09-24,2026-09-30,PF297178,,2,인플루엔자바이러스,
2026-09-24,2026-09-30,PF297249,1.0,2,인플루엔자바이러스,1
2026-09-24,2026-09-30,PF297295,1.0,2,인플루엔자바이러스,1
2026-09-24,2026-09-30,PF297349,1.0,2,인플루엔자바이러스,1
2026-09-24,2026-09-30,PF297395,,2,인플루엔자바이러스,
2026-09-24,2026-09-30,PF297400,3.0,2,인플루엔자바이러스,2
2026-09-24,2026-09-30,PF297517,1.0,2,인플루엔자바이러스,1
2026-09-24,2026-09-30,PF297539,2.0,2,인플루엔자바이러스,2
2026-09-24,2026-09-30,PF297547,1.0,2,인플루엔자바이러스,1
2026-09-24,2026-09-30,PF297594,1.0,2,인플루엔자바이러스,1
2026-09-24,2026-09-30,PF297650,1.0,2,인플루엔자바이러스,1
2026-09-24,2026-09-30,PF297684,1.0,2,인플루엔자바이러스,1
2026-09-24,2026-09-30,PF297712,2.0,2,인플루엔자바이러스,2
2026-09-24,2026-09-30,PF297794,2.0,2,인플루엔자바이러스,2
2026-09-24,2026-09-30,PF297898,,2,인플루엔자바이러스,
2026-09-24,2026-09-30,PF297912,3.0,2,인플루엔자바이러스,2
2026-09-24,2026-09-30,PF297976,2.0,2,인플루엔자바이러스,2
2026-09-24,2026-09-30,PF297978,2.0,2,인플루엔자바이러스,2
2026-09-24,2026-09-30,PF298081,1.0,2,인플루엔자바이러스,1
2026-09-24,2026-09-30,PF298146,1.0,2,인플루엔자바이러스,1
2026-09-24,2026-09-30,PF298171,1.0,2,인플루엔자바이러스,1
2026-09-24,2026-09-30,PF298185,,2,인플루엔자바이러스,
2026-09-24,2026-09-30,PF298593,2.0,2,인플루엔자바이러스,2
2026-09-24,2026-09-30,PF298596,1.0,2,인플루엔자바이러스,1
2026-09-24,2026-09-30,PF298632,1.0,2,인플루엔자바이러스,1
2026-09-24,2026-09-30,PF298686,,2,인플루엔자바이러스,
2026-09-24,2026-09-30,PF298763,1.0,2,인플루엔자바이러스,1
2026-09-24,2026-09-30,PF298792,2.0,2,인플루엔자바이러스,2
2026-09-24,2026-09-30,PF298801,2.0,2,인플루엔자바이러스,2
2026-09-24,2026-09-30,PF298964,3.0,2,인플루엔자바이러스,2
2026-09-24,2026-09-30,PF299214,1.0,2,인플루엔자바이러스,1
2026-09-24,2026-09-30,PF299253,1.0,2,인플루엔자바이러스,1
2026-09-24,2026-09-30,PF299275,1.0,2,인플루엔자바이러스,1
2026-09-24,2026-09-30,PF299291,,2,인플루엔자바이러스,
2026-09-24,2026-09-30,PF299561,2.0,2,인플루엔자바이러스,2
2026-09-24,2026-09-30,PF299668,,2,인플루엔자바이러스,
2026-09-24,2026-09-30,PF299674,,2,인플루엔자바이러스,
2026-09-24,2026-09-30,PF300004,1.0,2,인플루엔자바이러스,1
2026-09-24,2026-09-30,PF300024,2.0,2,인플루엔자바이러스,2
2026-09-24,2026-09-30,PF300042,,2,인플루엔자바이러스,
2026-09-24,2026-09-30,PF300044,1.0,2,인플루엔자바이러스,1
2026-09-24,2026-09-30,PF300045,,2,인플루엔자바이러스,
2026-09-24,2026-09-30,PF300103,,2,인플루엔자바이러스,
2026-09-24,2026-09-30,PF300218,1.0,2,인플루엔자바이러스,1
2026-09-24,2026-09-30,PF300282,3.0,2,인플루엔자바이러스,2
2026-09-24,2026-09-30,PF300302,,2,인플루엔자바이러스,
2026-09-24,2026-09-30,PF300327,,2,인플루엔자바이러스,
2026-09-24,2026-09-30,PF300352,1.0,2,인플루엔자바이러스,1
2026-09-24,2026-09-30,PF300365,,2,인플루엔자바이러스,
2026-09-24,2026-09-30,PF300366,1.0,2,인플루엔자바이러스,1
2026-09-24,2026-09-30,PF300403,1.0,2,인플루엔자바이러스,1
2026-09-24,2026-09-30,PF300531,,2,인플루엔자바이러스,
2026-09-24,2026-09-30,PF300589,,2,인플루엔자바이러스,
2026-09-24,2026-09-30,PF300794,2.0,2,인플루엔자바이러스,2
2026-09-24,2026-09-30,PF300823,1.0,2,인플루엔자바이러스,1
2026-09-24,2026-09-30,PF300860,1.0,2,인플루엔자바이러스,1
2026-09-24,2026-09-30,PF300867,,2,인플루엔자바이러스,
2026-09-24,2026-09-30,PF300923,,2,인플루엔자바이러스,
2026-09-24,2026-09-30,PF300956,1.0,2,인플루엔자바이러스,1
2026-09-24,2026-09-30,PF300963,1.0,2,인플루엔자바이러스,1
2026-09-24,2026-09-30,PF300973,1.0,2,인플루엔자바이러스,1
2026-09-24,2026-09-30,PF301000,1.0,2,인플루엔자바이러스,1
2026-09-24,2026-09-30,PF301007,,2,인플루엔자바이러스,
2026-09-24,2026-09-30,PF301016,2.0,2,인플루엔자바이러스,2
2026-09-24,2026-09-30,PF301046,1.0,2,인플루엔자바이러스,1
2026-09-24,2026-09-30,PF301088,,2,인플루엔자바이러스,
2026-09-24,2026-09-30,PF301145,2.0,2,인플루엔자바이러스,2
2026-09-24,2026-09-30,PF301162,2.0,2,인플루엔자바이러스,2
2026-09-24,2026-09-30,PF301195,,2,인플루엔자바이러스,
2026-09-24,2026-09-30,PF301203,1.0,2,인플루엔자바이러스,1
2026-09-24,2026-09-30,PF301209,2.0,2,인플루엔자바이러스,2
2026-09-24,2026-09-30,PF301219,1.0,2,인플루엔자바이러스,1
2026-09-24,2026-09-30,PF301224,,2,인플루엔자바이러스,
2026-09-24,2026-09-30,PF301368,,2,인플루엔자바이러스,
2026-09-24,2026-09-30,PF301464,1.0,2,인플루엔자바이러스,1
2026-09-24,2026-09-30,PF301493,,2,인플루엔자바이러스,
2026-09-24,2026-09-30,PF301563,2.0,2,인플루엔자바이러스,2
2026-09-24,2026-09-30,PF301613,1.0,2,인플루엔자바이러스,1
2026-09-24,2026-09-30,PF301649,2.0,2,인플루엔자바이러스,2
2026-09-24,2026-09-30,PF301762,,2,인플루엔자바이러스,
2026-09-24,2026-09-30,PF301782,1.0,2,인플루엔자바이러스,1
2026-09-24,2026-09-30,PF301789,,2,인플루엔자바이러스,
2026-09-24,2026-09-30,PF301826,,2,인플루엔자바이러스,
2026-09-24,2026-09-30,PF301901,1.0,2,인플루엔자바이러스,1
