공연시설ID,공연장ID,공연장명,장소유형
FC001270,FC001270-04,어린이극장,실내
FC000774,FC000774-01,단막극장(구.대학로단막극장),실내
FC002035,FC002035-01,Vel.R 벨르 (구. 벨로주 [홍대]),실내
FC005053,FC005053-01,보스턴체임버,실내
FC001270,FC001270-01,극장2,실내
FC000325,FC000325-01,싸리재홀(대공연장),실내
FC000824,FC000824-01,대공연장,실내
FC000047,FC000047-01,세라믹팔레스홀,실내
FC001247,FC001247-03,올림픽홀,실내
FC000191,FC000191-02,팔공홀,실내
FC004455,FC004455-01,공연장,실내
FC000236,FC000236-01,광주서구문화센터,실내
FC002462,FC002462-01,경북도청 동락관,실내
FC000832,FC000832-01,해운홀,실내
FC000028,FC000028-01,소극장 드림,실내
FC000868,FC000868-01,대공연장,실내
FC000001,FC000001-02,리사이틀홀,실내
FC000013,FC000013-01,소공연장,실내
FC000016,FC000016-03,앙상블씨어터,실내
FC003150,FC003150-02,소공연장,실내
FC000238,FC000238-01,대공연장,실내
FC001331,FC001331-01,극장 봄,실내
FC001249,FC001249-01,더 씨어터,실내
FC000191,FC000191-01,비슬홀,실내
FC001793,FC001793-01,콘서트홀,실내
FC004242,FC004242-01,이화여자대학교 영산극장,실내
FC004204,FC004204-01,콘서트홀 나누,실내
FC000430,FC000430-01,미로센터 2관(구.궁동예술극장),실내
FC002033,FC002033-01,구름아래소극장,실내
FC000073,FC000073-01,롤링홀,실내
FC004556,FC004556-01,세계잼버리수련장,실내
FC003150,FC003150-01,콘서트홀,실내
FC000260,FC000260-02,소극장,실내
FC000328,FC000328-01,KT&G 상상마당 라이브홀 [마포],실내
FC000175,FC000175-01,하늘연극장,실내
FC000214,FC000214-05,소래극장 (대공연장),실내
FC000020,FC000020-02,세종체임버홀,실내
FC000854,FC000854-01,공연장,실내
FC000384,FC000384-01,영산아트홀,실내
FC001787,FC001787-01,사임당홀 (대공연장),실내
FC001958,FC001958-01,반포심산아트홀,실내
FC000001,FC000001-03,콘서트홀,실내
FC002625,FC002625-01,보광극장,실내
FC004797,FC004797-01,서울재질,실내
FC000497,FC000497-01,대극장,실내
FC001258,FC001258-01,청주아트홀 (구. 청주시민회관),실내
FC000183,FC000183-02,와룡홀,실내
FC004787,FC004787-01,예술당솔샘(2F),실내
FC001513,FC001513-01,롯데콘서트홀,실내
FC001085,FC001085-01,소극장 혜화당 (구. 까망소극장),실내
FC001142,FC001142-01,R&J씨어터(구. 연진아트홀),실내
FC004928,FC004928-01,스튜디오 엔텐바흐(B1),실내
FC000415,FC000415-01,대공연장,실내
FC005076,FC005076-01,옥주골 창작소,실내
FC001441,FC001441-01,서울돈화문국악당,실내
FC000845,FC000845-03,소공연장,실내
FC000836,FC000836-01,공연장,실내
FC001415,FC001415-01,큰마당,실내
FC000197,FC000197-05,세종대학교 대양홀,실내
FC000110,FC000110-01,남한산성홀,실내
FC001685,FC001685-01,천생아트홀 (대공연장),실내
FC002040,FC002040-01,살롱 문보우,실내
FC001316,FC001316-02,예음헌,실내
FC000724,FC000724-01,대극장,실내
FC004269,FC004269-01,언드 (B1),실내
FC003185,FC003185-01,연남스페이스,실내
FC001359,FC001359-01,공연장,실내
FC001209,FC001209-01,공간아울,실내
FC002766,FC002766-01,보노마루,실내
FC001556,FC001556-01,금호아트홀 연세,실내
FC001575,FC001575-01,콘서트홀,실내
FC002278,FC002278-01,스트레인지 프룻,실내
FC000649,FC000649-01,한누리아트홀,실내
FC002246,FC002246-01,푸르지오아트홀,실내
FC004343,FC004343-01,플랜에이 B홀,실내
FC000600,FC000600-01,문학시어터,실내
FC002634,FC002634-01,예술가의 집,실내
FC003682,FC003682-01,명륜아트홀,실내
FC000167,FC000167-04,챔버홀,실내
FC000323,FC000323-02,어울림홀(소극장),실내
FC004583,FC004583-01,라이브 홀,실내
FC002922,FC002922-01,영동복합문화예술회관,실내
FC003465,FC003465-01,서빛마루문화예술회관,실내
FC004640,FC004640-01,글로우앤잘츠(구. ASB),실내
FC003670,FC003670-01,아레나,실내
FC000001,FC000001-12,인춘아트홀,실내
FC000005,FC000005-01,명동예술극장,실내
FC002777,FC002777-01,"후암스테이지 (구. 마라카 3관, 오씨어터)",실내
FC002472,FC002472-01,그린빈 버찌라이브하우스,실내
FC001812,FC001812-02,소공연장,실내
FC003045,FC003045-01,LG SIGNATURE 홀,실내
FC001121,FC001121-03,나인진홀 1관,실내
FC001218,FC001218-01,소극장,실내
FC001764,FC001764-01,대공연장,실내
FC001390,FC001390-01,대강당,실내
FC000477,FC000477-02,모악당,실내
FC004065,FC004065-01,수원문화원 (빛누리아트홀),실내
FC002737,FC002737-01,마이너스윙 스튜디오 (구. 본회퍼홀),실내
FC001848,FC001848-01,오류아트홀,실내
FC000128,FC000128-01,Black Box,실내
FC001857,FC001857-01,하하아트홀 (구. 성원아트홀),실내
FC000057,FC000057-01,용인포은아트홀,실내
FC002028,FC002028-01,생기 스튜디오,실내
FC004816,FC004816-01,음악의집,실내
FC002127,FC002127-01,프리즘홀 (프리즘플러스),실내
FC000858,FC000858-01,한울림소극장,실내
FC000516,FC000516-01,열린극장,실내
FC003956,FC003956-01,어댑터씨어터 2관,실내
FC000623,FC000623-01,소극장 고도,실내
FC001438,FC001438-01,대공연장,실내
FC000227,FC000227-01,물빛극장,실내
FC002949,FC002949-01,무신사 개러지 (구. 왓챠홀),실내
FC004469,FC004469-01,콘서트홀,실내
FC005089,FC005089-01,소극장 도어,실내
FC004149,FC004149-01,Baby Doll (베이비돌),실내
FC001761,FC001761-01,금사락,실내
FC003405,FC003405-01,아리홀,실내
FC004136,FC004136-01,STUDIO (B1),실내
FC000878,FC000878-01,대극장,실내
FC000001,FC000001-05,IBK챔버홀,실내
FC000017,FC000017-02,소극장,실내
FC003122,FC003122-02,하땅세극장2 (2층),실내
FC002433,FC002433-01,큰어울마당,실내
FC000019,FC000019-02,소극장,실내
FC004500,FC004500-01,,실내
FC004693,FC004693-01,,실내
FC001242,FC001242-01,,실내
FC001529,FC001529-01,,실내
FC000118,FC000118-01,,실내
FC001261,FC001261-01,,실내
FC000847,FC000847-01,,실내
FC001226,FC001226-01,,실내
FC004886,FC004886-01,,실내
FC000407,FC000407-01,,실내
FC001169,FC001169-01,,실내
FC002062,FC002062-01,,실내
FC001341,FC001341-01,,실내
FC001824,FC001824-01,,실내
FC004853,FC004853-01,,실내
FC004773,FC004773-01,,실내
FC000260,FC000260-01,대극장,실내
FC005062,FC005062-01,,실내
FC000667,FC000667-02,,실내
FC002588,FC002588-01,,실내
FC003162,FC003162-01,,실내
FC001678,FC001678-01,,실내
FC000526,FC000526-01,,실내
FC003228,FC003228-01,,실내
FC000216,FC000216-01,,실내
FC001555,FC001555-01,,실내
FC002815,FC002815-01,,실내
FC002055,FC002055-01,,실내
FC001269,FC001269-01,,실내
FC000076,FC000076-01,,실내
FC000084,FC000084-01,,실내
FC001567,FC001567-01,,실내
FC000076,FC000076-02,,실내
FC005087,FC005087-01,,실내
FC000180,FC000180-01,,실내
FC001363,FC001363-01,,실내
FC002348,FC002348-01,,실내
FC000613,FC000613-01,,실내
FC000287,FC000287-01,,실내
FC002228,FC002228-01,,실내
FC000751,FC000751-01,,실내
FC001855,FC001855-01,,실내
FC003244,FC003244-01,,실내
FC001173,FC001173-01,,실내
FC004250,FC004250-01,,실내
FC004864,FC004864-01,,실내
FC000160,FC000160-02,,실내
FC005085,FC005085-01,,실내
FC000200,FC000200-02,,실내
FC000517,FC000517-02,,실내
FC003954,FC003954-01,,실내
FC002305,FC002305-01,,실내
FC002784,FC002784-01,,실내
FC000819,FC000819-01,,실내
FC001217,FC001217-01,,실내
FC001619,FC001619-01,,실내
FC004809,FC004809-01,,실내
FC000175,FC000175-02,야외극장,실내
FC001196,FC001196-02,,실내
FC004296,FC004296-01,,실내
FC003951,FC003951-01,,실내
FC004589,FC004589-01,,실내
FC001555,FC001555-02,,실내
FC000885,FC000885-01,,실내
FC004282,FC004282-02,,실내
FC000537,FC000537-02,,실내
FC003043,FC003043-01,,실내
FC003387,FC003387-01,,실내
FC000371,FC000371-01,,실내
FC000885,FC000885-03,,실내
FC001826,FC001826-01,,실내
FC003352,FC003352-01,,실내
FC000183,FC000183-01,청룡홀,실내
FC000469,FC000469-01,,실내
FC000009,FC000009-04,,실내
FC004296,FC004296-02,,실내
FC000164,FC000164-01,,실내
FC000826,FC000826-02,,실내
FC003609,FC003609-01,,실내
FC002086,FC002086-01,,실내
FC002779,FC002779-01,,실내
FC000453,FC000453-03,,실내
FC004422,FC004422-01,,실내
FC004469,FC004469-02,앙상블극장,실내
FC000578,FC000578-01,,실내
FC000548,FC000548-01,,실내
FC005084,FC005084-01,,실내
FC000068,FC000068-01,,실내
FC000455,FC000455-01,,실내
FC001294,FC001294-02,,실내
FC002785,FC002785-01,,실내
FC001799,FC001799-01,,실내
FC001231,FC001231-01,,실내
FC000493,FC000493-01,,실내
FC002833,FC002833-01,,실내
FC003016,FC003016-01,,실내
FC001270,FC001270-03,극장3,실내
FC000420,FC000420-01,,실내
FC001333,FC001333-01,,실내
FC002361,FC002361-01,,실내
FC000156,FC000156-01,,실내
FC000445,FC000445-02,,실내
FC000167,FC000167-03,중극장,실내
FC000878,FC000878-03,야외공연장,실내
FC004092,FC004092-01,,실내
FC001428,FC001428-01,,실내
FC004394,FC004394-01,,실내
FC000233,FC000233-01,,실내
FC001536,FC001536-01,,실내
FC000016,FC000016-01,콘서트홀,실내
FC003360,FC003360-01,,실내
FC001818,FC001818-01,,실내
FC000345,FC000345-01,,실내
FC001636,FC001636-01,,실내
FC001066,FC001066-01,,실내
FC004655,FC004655-01,,실내
FC001868,FC001868-01,,실내
FC000449,FC000449-02,,실내
FC000127,FC000127-01,,실내
FC002633,FC002633-02,,실내
FC000877,FC000877-01,,실내
FC001239,FC001239-01,,실내
FC004607,FC004607-01,,실내
FC000939,FC000939-01,,실내
FC001890,FC001890-01,,실내
FC001931,FC001931-01,,실내
FC000564,FC000564-01,,실내
FC001684,FC001684-01,,실내
FC000863,FC000863-01,,실내
FC000021,FC000021-02,,실내
FC000216,FC000216-02,,실내
FC000009,FC000009-01,,실내
FC005066,FC005066-01,,실내
FC001784,FC001784-03,,실내
FC000424,FC000424-01,,실내
FC000081,FC000081-02,,실내
FC000497,FC000497-02,소극장,실내
FC000204,FC000204-01,,실내
FC000477,FC000477-03,명인홀,실내
FC000323,FC000323-01,평송홀(대극장),실내
FC003915,FC003915-01,,실내
FC002339,FC002339-01,,실내
FC000059,FC000059-01,,실내
FC000238,FC000238-02,소공연장,실내
FC001451,FC001451-01,,실내
FC000241,FC000241-01,,실내
FC000517,FC000517-01,,실내
FC000205,FC000205-01,,실내
FC000761,FC000761-01,,실내
FC001371,FC001371-01,,실내
FC000680,FC000680-01,,실내
FC001629,FC001629-01,,실내
FC004339,FC004339-01,,실내
FC001291,FC001291-01,,실내
FC000008,FC000008-01,,실내
FC000275,FC000275-01,,실내
FC003099,FC003099-01,,실내
FC002942,FC002942-01,,실내
FC003045,FC003045-02,U+ 스테이지,실내
FC001875,FC001875-01,,실내
FC000380,FC000380-01,,실내
FC004127,FC004127-01,,실내
FC001201,FC001201-01,,실내
FC001131,FC001131-01,,실내
FC000244,FC000244-01,,실내
FC000491,FC000491-02,,실내
FC000460,FC000460-01,,실내
FC001370,FC001370-01,,실내
FC000247,FC000247-02,,실내
FC001792,FC001792-01,,실내
FC000676,FC000676-01,,실내
FC001608,FC001608-01,,실내
FC000878,FC000878-02,소극장,실내
FC002632,FC002632-02,,실내
FC000826,FC000826-01,,실내
FC001216,FC001216-01,,실내
FC000546,FC000546-01,,실내
FC000823,FC000823-01,,실내
FC000152,FC000152-01,,실내
FC000018,FC000018-02,,실내
FC000584,FC000584-01,,실내
FC000127,FC000127-02,,실내
FC004086,FC004086-01,,실내
FC001191,FC001191-01,,실내
FC002626,FC002626-02,,실내
FC000362,FC000362-01,,실내
FC001893,FC001893-01,,실내
FC000017,FC000017-03,대극장,실내
FC003913,FC003913-01,,실내
FC004555,FC004555-01,,실내
FC001216,FC001216-02,,실내
FC004644,FC004644-01,,실내
FC001415,FC001415-02,작은마당,실내
FC001591,FC001591-01,,실내
FC002017,FC002017-01,,실내
FC001250,FC001250-01,,실내
FC000113,FC000113-01,,실내
FC000001,FC000001-06,오페라극장,실내
FC000567,FC000567-02,,실내
FC002118,FC002118-01,,실내
FC001187,FC001187-01,,실내
FC001328,FC001328-05,,실외
FC000746,FC000746-01,,실내
FC002632,FC002632-01,,실내
FC002674,FC002674-01,,실내
FC001213,FC001213-04,,실내
FC000310,FC000310-01,,실내
FC004419,FC004419-01,,실내
FC001823,FC001823-01,,실내
FC004103,FC004103-01,,실내
FC000028,FC000028-02,대극장 한강,실내
FC001345,FC001345-01,,실내
FC001961,FC001961-01,,실내
FC002162,FC002162-01,,실내
FC002122,FC002122-02,,실내
FC001389,FC001389-01,,실내
FC001339,FC001339-01,,실내
FC002877,FC002877-01,,실내
FC000145,FC000145-01,,실내
FC000815,FC000815-01,,실내
FC001908,FC001908-01,,실내
FC001899,FC001899-01,,실내
FC000521,FC000521-01,,실내
FC004876,FC004876-01,,실내
FC001193,FC001193-01,,실내
FC000020,FC000020-01,세종대극장,실내
FC000853,FC000853-01,,실내
FC001655,FC001655-01,,실내
FC000871,FC000871-02,,실내
FC005025,FC005025-01,,실내
FC000743,FC000743-01,,실내
FC000052,FC000052-01,,실내
FC000006,FC000006-01,,실내
FC001910,FC001910-06,,실내
FC003018,FC003018-01,,실내
FC000840,FC000840-01,,실내
FC001130,FC001130-01,,실내
FC001236,FC001236-02,,실내
FC000168,FC000168-01,,실내
FC001860,FC001860-01,,실내
FC001167,FC001167-01,,실내
FC000463,FC000463-01,,실내
FC000808,FC000808-02,,실내
FC002967,FC002967-01,,실내
FC005022,FC005022-01,,실내
FC001256,FC001256-01,,실내
FC001552,FC001552-01,,실내
FC000550,FC000550-02,,실내
FC002912,FC002912-01,,실내
FC000918,FC000918-02,,실내
FC000160,FC000160-01,,실내
FC001349,FC001349-01,,실내
FC001528,FC001528-04,,실내
FC000833,FC000833-01,,실내
FC001292,FC001292-01,,실내
FC001406,FC001406-01,,실내
FC003373,FC003373-01,,실내
FC001517,FC001517-02,,실내
FC005015,FC005015-01,,실내
FC000798,FC000798-01,,실내
FC000013,FC000013-02,대공연장,실내
FC000405,FC000405-01,,실내
FC000127,FC000127-03,,실내
FC000788,FC000788-01,,실내
FC000001,FC000001-01,CJ 토월극장,실내
FC001812,FC001812-01,대공연장,실내
FC001589,FC001589-01,,실내
FC001435,FC001435-01,,실내
FC001366,FC001366-10,,실내
FC001345,FC001345-02,,실내
FC000832,FC000832-02,고운홀,실내
FC000081,FC000081-01,,실내
FC000437,FC000437-01,,실내
FC002894,FC002894-01,,실내
FC000838,FC000838-01,,실내
FC000174,FC000174-03,,실내
FC001600,FC001600-01,,실내
FC001347,FC001347-01,,실내
FC000833,FC000833-03,,실내
FC005008,FC005008-01,,실내
FC001167,FC001167-02,,실내
FC002012,FC002012-01,,실내
FC004785,FC004785-01,,실내
FC000788,FC000788-02,,실내
FC001667,FC001667-01,,실내
FC004666,FC004666-01,,실내
FC001308,FC001308-01,,실내
FC000833,FC000833-02,,실내
FC001166,FC001166-01,,실내
FC000240,FC000240-01,,실내
FC000845,FC000845-01,대공연장,실내
FC001366,FC001366-09,,실내
FC000908,FC000908-01,,실내
FC000487,FC000487-01,,실내
FC001247,FC001247-01,KSPO DOME(체조경기장),실내
FC001231,FC001231-02,,실내
FC004769,FC004769-01,,실내
FC000785,FC000785-01,,실내
FC001459,FC001459-01,,실내
FC003364,FC003364-01,,실내
FC002905,FC002905-01,,실내
FC000403,FC000403-03,,실내
FC000335,FC000335-01,,실내
FC000095,FC000095-01,,실내
FC001666,FC001666-01,,실내
FC002072,FC002072-01,,실내
FC000293,FC000293-01,,실내
FC001877,FC001877-02,,실내
FC002169,FC002169-01,,실내
FC001668,FC001668-01,,실내
FC000196,FC000196-01,,실내
FC003685,FC003685-01,,실내
FC001438,FC001438-02,소공연장,실내
FC003244,FC003244-02,,실내
FC001383,FC001383-02,,실내
FC001208,FC001208-01,,실내
FC001270,FC001270-21,예술극장 일대,실내
FC004789,FC004789-01,,실내
FC000433,FC000433-01,,실내
FC001337,FC001337-01,,실내
FC001873,FC001873-02,,실내
FC001074,FC001074-01,,실내
FC003195,FC003195-01,,실내
FC001422,FC001422-01,,실내
FC000642,FC000642-01,,실내
FC000336,FC000336-01,,실내
FC000134,FC000134-01,,실내
FC001236,FC001236-01,,실내
FC001873,FC001873-03,,실내
FC000382,FC000382-01,,실내
FC004779,FC004779-02,,실내
FC000020,FC000020-03,세종M씨어터,실내
FC004349,FC004349-01,,실내
FC001841,FC001841-02,,실외
FC000297,FC000297-01,,실내
FC002997,FC002997-01,,실내
FC001193,FC001193-02,,실내
FC000155,FC000155-01,,실내
FC001366,FC001366-04,,실내
FC001234,FC001234-01,,실내
FC000481,FC000481-01,,실내
FC000233,FC000233-02,,실내
FC000711,FC000711-01,,실내
FC001196,FC001196-01,,실내
FC000031,FC000031-02,,실내
FC002471,FC002471-01,,실내
FC003048,FC003048-01,,실내
FC001429,FC001429-01,,실내
FC002677,FC002677-01,,실내
FC001414,FC001414-01,,실내
FC001356,FC001356-01,,실내
FC000018,FC000018-03,,실내
FC001224,FC001224-01,,실내
FC000082,FC000082-01,,실내
FC003466,FC003466-01,,실내
FC001696,FC001696-01,,실내
FC001594,FC001594-01,,실내
FC000095,FC000095-02,,실내
FC001247,FC001247-05,우리금융아트홀(역도경기장),실내
FC003168,FC003168-01,,실내
FC002081,FC002081-01,,실내
FC001832,FC001832-01,,실내
FC004285,FC004285-01,,실내
FC001975,FC001975-01,,실내
FC001366,FC001366-01,,실내
FC001384,FC001384-01,,실내
FC002543,FC002543-01,,실내
FC000032,FC000032-01,,실내
FC001166,FC001166-02,,실내
FC000039,FC000039-02,,실내
FC000472,FC000472-01,,실내
FC001701,FC001701-01,,실내
FC000819,FC000819-2,,실내
FC004831,FC004831-01,,실내
FC001289,FC001289-01,,실내
FC001532,FC001532-03,,실내
FC000564,FC000564-02,,실내
FC001532,FC001532-01,,실내
FC001383,FC001383-01,,실내
FC000567,FC000567-01,,실내
FC002989,FC002989-01,,실내
FC002849,FC002849-01,,실내
FC001108,FC001108-01,,실내
FC000262,FC000262-01,,실내
FC000477,FC000477-04,연지홀,실내
FC000204,FC000204-02,,실내
FC000300,FC000300-01,,실내
FC002120,FC002120-01,,실내
FC001398,FC001398-01,,실내
FC000279,FC000279-01,,실내
FC001396,FC001396-01,,실내
FC001811,FC001811-01,,실내
FC003302,FC003302-01,,실내
FC001631,FC001631-01,,실내
FC005067,FC005067-01,,실내
FC002254,FC002254-01,,실내
FC001863,FC001863-01,,실내
FC001906,FC001906-03,,실내
FC000793,FC000793-01,,실내
FC001220,FC001220-01,,실내
FC000200,FC000200-01,,실내
FC000039,FC000039-03,,실내
FC004799,FC004799-01,,실내
FC001184,FC001184-01,,실내
FC001943,FC001943-01,,실내
FC000019,FC000019-01,대극장,실내
FC004646,FC004646-01,,실내
FC000878,FC000878-05,소담홀(문화지음 4층),실내
FC001170,FC001170-01,,실내
FC002023,FC002023-01,,실내
FC001814,FC001814-01,,실내
FC000760,FC000760-01,,실내
FC001199,FC001199-01,,실내
FC001271,FC001271-02,,실내
FC004310,FC004310-01,,실내
FC004957,FC004957-01,,실내
FC004684,FC004684-01,,실내
FC005060,FC005060-01,,실내
FC005064,FC005064-01,,실내
FC001420,FC001420-01,,실내
FC004802,FC004802-01,,실내
FC005063,FC005063-01,,실내
FC005058,FC005058-01,,실내
FC002379,FC002379-01,,실내
FC000865,FC000865-01,,실내
FC001590,FC001590-01,,실내
FC002179,FC002179-01,,실내
FC000926,FC000926-01,,실내
FC003987,FC003987-02,,실내
FC004796,FC004796-01,,실내
FC001328,FC001328-01,,실내
FC002132,FC002132-01,,실내
FC002803,FC002803-01,,실내
FC001219,FC001219-01,,실내
FC001675,FC001675-01,,실내
FC000934,FC000934-01,,실내
FC001409,FC001409-01,,실내
FC000447,FC000447-02,,실내
FC003589,FC003589-01,,실내
FC000003,FC000003-04,,실내
FC001721,FC001721-01,다누림홀,실내
FC005056,FC005056-01,소학대홀,실내
FC001411,FC001411-01,페리지홀,실내
FC000752,FC000752-01,드림아트홀 [대전],실내
FC005061,FC005061-01,코오롱 야외음악당,실내
FC000662,FC000662-01,세종국악당,실내
FC000100,FC000100-01,모차르트홀,실내
FC000142,FC000142-02,대공연장,실내
FC000850,FC000850-01,구로구민회관,실내
FC000477,FC000477-01,야외공연장,실내
FC001927,FC001927-01,아띠홀,실내
FC002303,FC002303-01,클럽 A.O.R(All Of Rock),실내
FC001466,FC001466-01,공연장,실내
FC004661,FC004661-01,야외 공연장,실외
FC003921,FC003921-01,소다아트홀,실내
FC001618,FC001618-01,김포아트홀,실내
FC000784,FC000784-02,썬큰광장(지하1층),실내
FC000065,FC000065-01,한국문화의집 KOUS,실내
FC001934,FC001934-01,해오름관대강당,실내
FC003561,FC003561-01,정심아트홀,실내
FC001179,FC001179-01,그린나래홀 (공연장),실내
FC000358,FC000358-01,대공연장,실내
FC000793,FC000793-02,,실내
FC001215,FC001215-01,소극장 창덕궁,실내
FC001125,FC001125-01,국립정동극장 세실 (구.세실극장),실내
FC000182,FC000182-01,예술나눔 터,실내
FC004098,FC004098-01,든해소극장 (구. 모모씨어터) (B1),실내
FC002962,FC002962-01,공연장,실내
FC001094,FC001094-01,예술공간 혜화,실내
FC004962,FC004962-01,더같음홀,실내
FC001409,FC001409-06,,실외
FC000537,FC000537-01,,실내
FC001539,FC001539-01,큐씨어터(구. 수상한흥신소전용관),실내
FC002478,FC002478-01,뉴코아소극장 [부천],실내
FC001910,FC001910-05,,실내
FC000666,FC000666-01,대공연장,실내
FC000185,FC000185-01,상상아트홀 [대전],실내
FC003250,FC003250-01,대공연장,실내
FC003861,FC003861-01,콘서트홀,실내
FC000515,FC000515-01,대강당,실내
FC001178,FC001178-01,함지홀(대공연장),실내
FC000219,FC000219-01,소극장,실내
FC003893,FC003893-01,공연장(B1),실내
FC001366,FC001366-16,,실내
FC000403,FC000403-01,,실내
FC000062,FC000062-01,백암아트홀,실내
FC005046,FC005046-01,아트홀,실내
FC002045,FC002045-01,보헤미안 소극장,실내
FC000612,FC000612-01,대극장,실내
FC002061,FC002061-01,우리소극장 [의정부],실내
FC004888,FC004888-01,운율북클래식,실내
FC004872,FC004872-01,종로아트홀,실내
FC005042,FC005042-01,본동어울마당 아트홀,실내
FC005028,FC005028-01,야외공연장 심포니 6,실내
FC000064,FC000064-01,공연장,실내
FC004821,FC004821-02,CCC 스테이지,실내
FC004535,FC004535-01,잔디광장,실내
FC001404,FC001404-01,이음홀,실내
FC000808,FC000808-01,,실내
FC000023,FC000023-01,강당,실내
FC005028,FC005028-02,한유시경 수변무대,실내
FC002945,FC002945-01,체육관(성세바스티아노 스포츠센터),실내
FC003190,FC003190-02,콘서트홀,실내
FC001675,FC001675-02,,실내
FC001298,FC001298-01,루미나아트홀 (구. 시온아트홀),실내
FC000332,FC000332-02,소공연장,실내
FC001194,FC001194-01,대전 서구 관저문예회관,실내
FC001925,FC001925-01,전시장,실내
FC001366,FC001366-14,,실내
FC000783,FC000783-01,예술극장,실내
FC000122,FC000122-01,대공연장,실내
FC001942,FC001942-01,공연장,실내
FC005048,FC005048-01,공연장,실내
FC003017,FC003017-01,금천예술극장,실내
FC000342,FC000342-01,대극장,실내
FC000518,FC000518-01,대공연장,실내
FC000071,FC000071-02,대공연장,실내
FC004369,FC004369-01,상도어울마당 아트홀,실내
FC003417,FC003417-01,도암홀,실내
FC001100,FC001100-01,오유아트홀,실내
FC001791,FC001791-01,노원어린이극장 (구.노원어울림극장),실내
FC002641,FC002641-01,콘솔레이션 홀,실내
FC001193,FC001193-03,,실내
FC000293,FC000293-02,,실내
FC001671,FC001671-01,뜻밖의 극장(구. 해우소소극장),실내
FC000406,FC000406-01,공연장,실내
FC001296,FC001296-02,백마홀,실내
FC003948,FC003948-01,대공연장,실내
FC000559,FC000559-01,대공연장,실내
FC001693,FC000360-03,이수아트홀 [대전],실내
FC003408,FC003408-01,전통극 극장,실내
FC001462,FC001462-01,상상나라극장,실내
FC001121,FC001121-02,나인진홀 2관,실내
FC001973,FC001973-01,삼락생태공원,실내
FC004812,FC004812-01,레드루즈씨어터,실내
FC000031,FC000031-01,,실내
FC001296,FC001296-01,정심화홀,실내
FC004938,FC004938-01,롯데시네마 에비뉴엘,실내
FC004879,FC004879-01,사이공 오페라하우스 (Saigon Opera House),실내
FC003122,FC003122-01,하땅세극장1 (지하),실내
FC004018,FC004018-01,라온씨어터,실내
FC003577,FC003577-01,주경기장,실외
FC002932,FC002932-01,아스가르드 씨어터 (구. 낙산씨어터),실내
FC001286,FC001286-01,공연일번지,실내
FC001233,FC001233-02,2관(중극장),실내
FC001910,FC001910-07,,실내
FC001263,FC001263-04,야외공연장,실내
FC001379,FC001379-01,"아루또소극장 (구. 소담소극장, 구. 코메디컬센터)",실내
FC000016,FC000016-02,오페라하우스,실내
FC003224,FC003224-01,아트하우스,실내
FC001910,FC001910-04,,실내
FC001232,FC001232-01,하마씨어터(구. 가든씨어터),실내
FC003225,FC003225-01,관용극장,실내
FC002928,FC002928-01,야기스튜디오,실내
FC000009,FC000009-05,,실내
FC003749,FC003749-01,2층 공연장,실내
FC000255,FC000255-01,초콜릿팩토리,실내
FC001247,FC001247-04,뮤즈라이브,실내
FC000806,FC000806-01,틴틴홀,실내
FC002264,FC002264-01,아리랑홀,실내
FC004651,FC004651-01,플레이리스트,실내
FC003306,FC003306-01,국악당,실내
FC002589,FC002589-01,성수 소극장(일루미 스튜디오),실내
FC000428,FC000428-01,부여국악의전당,실내
FC004075,FC004075-01,시윤아트홀 (B1),실내
FC000372,FC000372-01,올웨이즈 씨어터(구.아티스탄홀),실내
FC003839,FC003839-01,아라아트홀,실내
FC002226,FC002226-01,광야아트센터,실내
FC003939,FC003939-01,제2전시실 (B3),실내
FC002782,FC002782-01,후암씨어터(콘텐츠룸),실내
FC000415,FC000415-02,소공연장,실내
FC004675,FC004675-01,몰입공유연습실,실내
FC000664,FC000664-01,마루홀,실내
FC002349,FC002349-03,아트센터,실내
FC002177,FC002177-01,공연장,실내
FC001262,FC001262-01,성균소극장,실내
FC000009,FC000009-02,,실내
FC003416,FC003416-01,루시드아트홀,실내
FC000817,FC000817-01,일화당,실내
FC001705,FC001705-02,체임버홀,실내
FC004548,FC004548-01,나인 씨어터,실내
FC004738,FC004738-01,샤봉디씨어터,실내
FC001099,FC001099-01,댕로홀,실내
FC000198,FC000198-04,1관,실내
FC003868,FC003868-01,대학로 무하아트센터,실내
FC001617,FC001617-01,제주난타극장,실내
FC000090,FC000090-01,홍대난타극장(구. 뮤직쇼웨딩 전용관),실내
FC003171,FC003171-01,제나아트홀 (구. 룸씨어터),실내
FC001223,FC001223-01,서연아트홀 (구. 인아소극장),실내
FC000580,FC000580-01,명동난타극장,실내
FC000139,FC000139-04,3관,실내
FC001815,FC001815-01,마루아트홀,실내
FC003640,FC003640-01,아트홀,실내
FC000416,FC000416-01,지인시어터(구. 알과핵소극장),실내
FC002812,FC002812-01,문엔트리,실내
FC003399,FC003399-01,부천소극장,실내
FC003396,FC003396-01,오마이갓 전용관,실내
FC003374,FC003374-01,핫식스 1관,실내
FC003374,FC003374-02,너목들 2관,실내
FC001688,FC001688-01,소극장 쇠내골,실내
FC001603,FC001603-01,1관,실내
FC001172,FC001172-01,"정극장 (구. M시어터, 구.하모니아트홀)",실내
FC001804,FC001804-01,익스트림씨어터 2관,실내
FC002760,FC002760-01,라온아트홀,실내
FC001303,FC001303-01,해피씨어터,실내
FC001920,FC001920-01,해바라기소극장 [부산],실내
FC000139,FC000139-03,4관,실내
FC000749,FC000749-01,"파랑씨어터 (구. 도향아트홀, 구. 뮤디스홀)",실내
