날짜,공휴일명,유형
2014-01-01,1월1일,고정공휴일
2014-01-30,설날,음력공휴일
2014-01-31,설날,음력공휴일
2014-02-01,설날,음력공휴일
2014-03-01,삼일절,고정공휴일
2014-05-05,어린이날,고정공휴일
2014-05-06,부처님오신날,음력공휴일
2014-06-06,현충일,고정공휴일
2014-08-15,광복절,고정공휴일
2014-09-07,추석,음력공휴일
2014-09-08,추석,음력공휴일
2014-09-09,추석,음력공휴일
2014-10-03,개천절,고정공휴일
2014-10-09,한글날,고정공휴일
2014-12-25,기독탄신일,고정공휴일
2015-01-01,1월1일,고정공휴일
2015-02-18,설날,음력공휴일
2015-02-19,설날,음력공휴일
2015-02-20,설날,음력공휴일
2015-03-01,삼일절,고정공휴일
2015-05-05,어린이날,고정공휴일
2015-05-25,부처님오신날,음력공휴일
2015-06-06,현충일,고정공휴일
2015-08-15,광복절,고정공휴일
2015-09-26,추석,음력공휴일
2015-09-27,추석,음력공휴일
2015-09-28,추석,음력공휴일
2015-10-03,개천절,고정공휴일
2015-10-09,한글날,고정공휴일
2015-12-25,기독탄신일,고정공휴일
2016-01-01,1월1일,고정공휴일
2016-02-07,설날,음력공휴일
2016-02-08,설날,음력공휴일
2016-02-09,설날,음력공휴일
2016-03-01,삼일절,고정공휴일
2016-05-05,어린이날,고정공휴일
2016-05-14,부처님오신날,음력공휴일
2016-06-06,현충일,고정공휴일
2016-08-15,광복절,고정공휴일
2016-09-14,추석,음력공휴일
2016-09-15,추석,음력공휴일
2016-09-16,추석,음력공휴일
2016-10-03,개천절,고정공휴일
2016-10-09,한글날,고정공휴일
2016-12-25,기독탄신일,고정공휴일
2017-01-01,1월1일,고정공휴일
2017-01-27,설날,음력공휴일
2017-01-28,설날,음력공휴일
2017-01-29,설날,음력공휴일
2017-03-01,삼일절,고정공휴일
2017-05-03,부처님오신날,음력공휴일
2017-05-05,어린이날,고정공휴일
2017-06-06,현충일,고정공휴일
2017-08-15,광복절,고정공휴일
2017-10-03,개천절,고정공휴일
2017-10-03,추석,음력공휴일
2017-10-04,추석,음력공휴일
2017-10-05,추석,음력공휴일
2017-10-09,한글날,고정공휴일
2017-12-25,기독탄신일,고정공휴일
2018-01-01,1월1일,고정공휴일
2018-02-15,설날,음력공휴일
2018-02-16,설날,음력공휴일
2018-02-17,설날,음력공휴일
2018-03-01,삼일절,고정공휴일
2018-05-05,어린이날,고정공휴일
2018-05-22,부처님오신날,음력공휴일
2018-06-06,현충일,고정공휴일
2018-08-15,광복절,고정공휴일
2018-09-23,추석,음력공휴일
2018-09-24,추석,음력공휴일
2018-09-25,추석,음력공휴일
2018-10-03,개천절,고정공휴일
2018-10-09,한글날,고정공휴일
2018-12-25,기독탄신일,고정공휴일
2019-01-01,1월1일,고정공휴일
2019-02-04,설날,음력공휴일
2019-02-05,설날,음력공휴일
2019-02-06,설날,음력공휴일
2019-03-01,삼일절,고정공휴일
2019-05-05,어린이날,고정공휴일
2019-05-12,부처님오신날,음력공휴일
2019-06-06,현충일,고정공휴일
2019-08-15,광복절,고정공휴일
2019-09-12,추석,음력공휴일
2019-09-13,추석,음력공휴일
2019-09-14,추석,음력공휴일
2019-10-03,개천절,고정공휴일
2019-10-09,한글날,고정공휴일
2019-12-25,기독탄신일,고정공휴일
2020-01-01,1월1일,고정공휴일
2020-01-24,설날,음력공휴일
2020-01-25,설날,음력공휴일
2020-01-26,설날,음력공휴일
2020-03-01,삼일절,고정공휴일
2020-04-30,부처님오신날,음력공휴일
2020-05-05,어린이날,고정공휴일
2020-06-06,현충일,고정공휴일
2020-08-15,광복절,고정공휴일
2020-09-30,추석,음력공휴일
2020-10-01,추석,음력공휴일
2020-10-02,추석,음력공휴일
2020-10-03,개천절,고정공휴일
2020-10-09,한글날,고정공휴일
2020-12-25,기독탄신일,고정공휴일
2021-01-01,1월1일,고정공휴일
2021-02-11,설날,음력공휴일
2021-02-12,설날,음력공휴일
2021-02-13,설날,음력공휴일
2021-03-01,삼일절,고정공휴일
2021-05-05,어린이날,고정공휴일
2021-05-19,부처님오신날,음력공휴일
2021-06-06,현충일,고정공휴일
2021-08-15,광복절,고정공휴일
2021-09-20,추석,음력공휴일
2021-09-21,추석,음력공휴일
2021-09-22,추석,음력공휴일
2021-10-03,개천절,고정공휴일
2021-10-09,한글날,고정공휴일
2021-12-25,기독탄신일,고정공휴일
2022-01-01,1월1일,고정공휴일
2022-01-31,설날,음력공휴일
2022-02-01,설날,음력공휴일
2022-02-02,설날,음력공휴일
2022-03-01,삼일절,고정공휴일
2022-05-05,어린이날,고정공휴일
2022-05-08,부처님오신날,음력공휴일
2022-06-06,현충일,고정공휴일
2022-08-15,광복절,고정공휴일
2022-09-09,추석,음력공휴일
2022-09-10,추석,음력공휴일
2022-09-11,추석,음력공휴일
2022-10-03,개천절,고정공휴일
2022-10-09,한글날,고정공휴일
2022-12-25,기독탄신일,고정공휴일
2023-01-01,1월1일,고정공휴일
2023-01-21,설날,음력공휴일
2023-01-22,설날,음력공휴일
2023-01-23,설날,음력공휴일
2023-03-01,삼일절,고정공휴일
2023-05-05,어린이날,고정공휴일
2023-05-27,부처님오신날,음력공휴일
2023-06-06,현충일,고정공휴일
2023-08-15,광복절,고정공휴일
2023-09-28,추석,음력공휴일
2023-09-29,추석,음력공휴일
2023-09-30,추석,음력공휴일
2023-10-03,개천절,고정공휴일
2023-10-09,한글날,고정공휴일
2023-12-25,기독탄신일,고정공휴일
2024-01-01,1월1일,고정공휴일
2024-02-09,설날,음력공휴일
2024-02-10,설날,음력공휴일
2024-02-11,설날,음력공휴일
2024-03-01,삼일절,고정공휴일
2024-05-05,어린이날,고정공휴일
2024-05-15,부처님오신날,음력공휴일
2024-06-06,현충일,고정공휴일
2024-08-15,광복절,고정공휴일
2024-09-16,추석,음력공휴일
2024-09-17,추석,음력공휴일
2024-09-18,추석,음력공휴일
2024-10-03,개천절,고정공휴일
2024-10-09,한글날,고정공휴일
2024-12-25,기독탄신일,고정공휴일
2025-01-01,1월1일,고정공휴일
2025-01-28,설날,음력공휴일
2025-01-29,설날,음력공휴일
2025-01-30,설날,음력공휴일
2025-03-01,삼일절,고정공휴일
2025-05-05,어린이날,고정공휴일
2025-05-05,부처님오신날,음력공휴일
2025-06-06,현충일,고정공휴일
2025-08-15,광복절,고정공휴일
2025-10-03,개천절,고정공휴일
2025-10-05,추석,음력공휴일
2025-10-06,추석,음력공휴일
2025-10-07,추석,음력공휴일
2025-10-09,한글날,고정공휴일
2025-12-25,기독탄신일,고정공휴일
2026-01-01,1월1일,고정공휴일
2026-02-16,설날,음력공휴일
2026-02-17,설날,음력공휴일
2026-02-18,설날,음력공휴일
2026-03-01,삼일절,고정공휴일
2026-05-01,노동절,고정공휴일
2026-05-05,어린이날,고정공휴일
2026-05-24,부처님오신날,음력공휴일
2026-06-06,현충일,고정공휴일
2026-07-17,제헌절,고정공휴일
2026-08-15,광복절,고정공휴일
2026-09-24,추석,음력공휴일
2026-09-25,추석,음력공휴일
2026-09-26,추석,음력공휴일
2026-10-03,개천절,고정공휴일
2026-10-09,한글날,고정공휴일
2026-12-25,기독탄신일,고정공휴일
2027-01-01,1월1일,고정공휴일
2027-02-06,설날,음력공휴일
2027-02-07,설날,음력공휴일
2027-02-08,설날,음력공휴일
2027-03-01,삼일절,고정공휴일
2027-05-01,노동절,고정공휴일
2027-05-05,어린이날,고정공휴일
2027-05-13,부처님오신날,음력공휴일
2027-06-06,현충일,고정공휴일
2027-07-17,제헌절,고정공휴일
2027-08-15,광복절,고정공휴일
2027-09-14,추석,음력공휴일
2027-09-15,추석,음력공휴일
2027-09-16,추석,음력공휴일
2027-10-03,개천절,고정공휴일
2027-10-09,한글날,고정공휴일
2027-12-25,기독탄신일,고정공휴일
2028-01-01,1월1일,고정공휴일
2028-01-26,설날,음력공휴일
2028-01-27,설날,음력공휴일
2028-01-28,설날,음력공휴일
2028-03-01,삼일절,고정공휴일
2028-05-01,노동절,고정공휴일
2028-05-02,부처님오신날,음력공휴일
2028-05-05,어린이날,고정공휴일
2028-06-06,현충일,고정공휴일
2028-07-17,제헌절,고정공휴일
2028-08-15,광복절,고정공휴일
2028-10-02,추석,음력공휴일
2028-10-03,개천절,고정공휴일
2028-10-03,추석,음력공휴일
2028-10-04,추석,음력공휴일
2028-10-09,한글날,고정공휴일
2028-12-25,기독탄신일,고정공휴일
2029-01-01,1월1일,고정공휴일
2029-02-12,설날,음력공휴일
2029-02-13,설날,음력공휴일
2029-02-14,설날,음력공휴일
2029-03-01,삼일절,고정공휴일
2029-05-01,노동절,고정공휴일
2029-05-05,어린이날,고정공휴일
2029-05-20,부처님오신날,음력공휴일
2029-06-06,현충일,고정공휴일
2029-07-17,제헌절,고정공휴일
2029-08-15,광복절,고정공휴일
2029-09-21,추석,음력공휴일
2029-09-22,추석,음력공휴일
2029-09-23,추석,음력공휴일
2029-10-03,개천절,고정공휴일
2029-10-09,한글날,고정공휴일
2029-12-25,기독탄신일,고정공휴일
2030-01-01,1월1일,고정공휴일
2030-02-02,설날,음력공휴일
2030-02-03,설날,음력공휴일
2030-02-04,설날,음력공휴일
2030-03-01,삼일절,고정공휴일
2030-05-01,노동절,고정공휴일
2030-05-05,어린이날,고정공휴일
2030-05-09,부처님오신날,음력공휴일
2030-06-06,현충일,고정공휴일
2030-07-17,제헌절,고정공휴일
2030-08-15,광복절,고정공휴일
2030-09-11,추석,음력공휴일
2030-09-12,추석,음력공휴일
2030-09-13,추석,음력공휴일
2030-10-03,개천절,고정공휴일
2030-10-09,한글날,고정공휴일
2030-12-25,기독탄신일,고정공휴일
2031-01-01,1월1일,고정공휴일
2031-01-22,설날,음력공휴일
2031-01-23,설날,음력공휴일
2031-01-24,설날,음력공휴일
2031-03-01,삼일절,고정공휴일
2031-05-01,노동절,고정공휴일
2031-05-05,어린이날,고정공휴일
2031-05-28,부처님오신날,음력공휴일
2031-06-06,현충일,고정공휴일
2031-07-17,제헌절,고정공휴일
2031-08-15,광복절,고정공휴일
2031-09-30,추석,음력공휴일
2031-10-01,추석,음력공휴일
2031-10-02,추석,음력공휴일
2031-10-03,개천절,고정공휴일
2031-10-09,한글날,고정공휴일
2031-12-25,기독탄신일,고정공휴일
2032-01-01,1월1일,고정공휴일
2032-02-10,설날,음력공휴일
2032-02-11,설날,음력공휴일
2032-02-12,설날,음력공휴일
2032-03-01,삼일절,고정공휴일
2032-05-01,노동절,고정공휴일
2032-05-05,어린이날,고정공휴일
2032-05-16,부처님오신날,음력공휴일
2032-06-06,현충일,고정공휴일
2032-07-17,제헌절,고정공휴일
2032-08-15,광복절,고정공휴일
2032-09-18,추석,음력공휴일
2032-09-19,추석,음력공휴일
2032-09-20,추석,음력공휴일
2032-10-03,개천절,고정공휴일
2032-10-09,한글날,고정공휴일
2032-12-25,기독탄신일,고정공휴일
2033-01-01,1월1일,고정공휴일
2033-01-30,설날,음력공휴일
2033-01-31,설날,음력공휴일
2033-02-01,설날,음력공휴일
2033-03-01,삼일절,고정공휴일
2033-05-01,노동절,고정공휴일
2033-05-05,어린이날,고정공휴일
2033-05-06,부처님오신날,음력공휴일
2033-06-06,현충일,고정공휴일
2033-07-17,제헌절,고정공휴일
2033-08-15,광복절,고정공휴일
2033-09-07,추석,음력공휴일
2033-09-08,추석,음력공휴일
2033-09-09,추석,음력공휴일
2033-10-03,개천절,고정공휴일
2033-10-09,한글날,고정공휴일
2033-12-25,기독탄신일,고정공휴일
2034-01-01,1월1일,고정공휴일
2034-02-18,설날,음력공휴일
2034-02-19,설날,음력공휴일
2034-02-20,설날,음력공휴일
2034-03-01,삼일절,고정공휴일
2034-05-01,노동절,고정공휴일
2034-05-05,어린이날,고정공휴일
2034-05-25,부처님오신날,음력공휴일
2034-06-06,현충일,고정공휴일
2034-07-17,제헌절,고정공휴일
2034-08-15,광복절,고정공휴일
2034-09-26,추석,음력공휴일
2034-09-27,추석,음력공휴일
2034-09-28,추석,음력공휴일
2034-10-03,개천절,고정공휴일
2034-10-09,한글날,고정공휴일
2034-12-25,기독탄신일,고정공휴일
2035-01-01,1월1일,고정공휴일
2035-02-07,설날,음력공휴일
2035-02-08,설날,음력공휴일
2035-02-09,설날,음력공휴일
2035-03-01,삼일절,고정공휴일
2035-05-01,노동절,고정공휴일
2035-05-05,어린이날,고정공휴일
2035-05-15,부처님오신날,음력공휴일
2035-06-06,현충일,고정공휴일
2035-07-17,제헌절,고정공휴일
2035-08-15,광복절,고정공휴일
2035-09-15,추석,음력공휴일
2035-09-16,추석,음력공휴일
2035-09-17,추석,음력공휴일
2035-10-03,개천절,고정공휴일
2035-10-09,한글날,고정공휴일
2035-12-25,기독탄신일,고정공휴일
2036-01-01,1월1일,고정공휴일
2036-01-27,설날,음력공휴일
2036-01-28,설날,음력공휴일
2036-01-29,설날,음력공휴일
2036-03-01,삼일절,고정공휴일
2036-05-01,노동절,고정공휴일
2036-05-03,부처님오신날,음력공휴일
2036-05-05,어린이날,고정공휴일
2036-06-06,현충일,고정공휴일
2036-07-17,제헌절,고정공휴일
2036-08-15,광복절,고정공휴일
2036-10-03,개천절,고정공휴일
2036-10-03,추석,음력공휴일
2036-10-04,추석,음력공휴일
2036-10-05,추석,음력공휴일
2036-10-09,한글날,고정공휴일
2036-12-25,기독탄신일,고정공휴일
2037-01-01,1월1일,고정공휴일
2037-02-14,설날,음력공휴일
2037-02-15,설날,음력공휴일
2037-02-16,설날,음력공휴일
2037-03-01,삼일절,고정공휴일
2037-05-01,노동절,고정공휴일
2037-05-05,어린이날,고정공휴일
2037-05-22,부처님오신날,음력공휴일
2037-06-06,현충일,고정공휴일
2037-07-17,제헌절,고정공휴일
2037-08-15,광복절,고정공휴일
2037-09-23,추석,음력공휴일
2037-09-24,추석,음력공휴일
2037-09-25,추석,음력공휴일
2037-10-03,개천절,고정공휴일
2037-10-09,한글날,고정공휴일
2037-12-25,기독탄신일,고정공휴일
2038-01-01,1월1일,고정공휴일
2038-02-03,설날,음력공휴일
2038-02-04,설날,음력공휴일
2038-02-05,설날,음력공휴일
2038-03-01,삼일절,고정공휴일
2038-05-01,노동절,고정공휴일
2038-05-05,어린이날,고정공휴일
2038-05-11,부처님오신날,음력공휴일
2038-06-06,현충일,고정공휴일
2038-07-17,제헌절,고정공휴일
2038-08-15,광복절,고정공휴일
2038-09-12,추석,음력공휴일
2038-09-13,추석,음력공휴일
2038-09-14,추석,음력공휴일
2038-10-03,개천절,고정공휴일
2038-10-09,한글날,고정공휴일
2038-12-25,기독탄신일,고정공휴일
2039-01-01,1월1일,고정공휴일
2039-01-23,설날,음력공휴일
2039-01-24,설날,음력공휴일
2039-01-25,설날,음력공휴일
2039-03-01,삼일절,고정공휴일
2039-04-30,부처님오신날,음력공휴일
2039-05-01,노동절,고정공휴일
2039-05-05,어린이날,고정공휴일
2039-06-06,현충일,고정공휴일
2039-07-17,제헌절,고정공휴일
2039-08-15,광복절,고정공휴일
2039-10-01,추석,음력공휴일
2039-10-02,추석,음력공휴일
2039-10-03,개천절,고정공휴일
2039-10-03,추석,음력공휴일
2039-10-09,한글날,고정공휴일
2039-12-25,기독탄신일,고정공휴일
2040-01-01,1월1일,고정공휴일
2040-02-11,설날,음력공휴일
2040-02-12,설날,음력공휴일
2040-02-13,설날,음력공휴일
2040-03-01,삼일절,고정공휴일
2040-05-01,노동절,고정공휴일
2040-05-05,어린이날,고정공휴일
2040-05-18,부처님오신날,음력공휴일
2040-06-06,현충일,고정공휴일
2040-07-17,제헌절,고정공휴일
2040-08-15,광복절,고정공휴일
2040-09-20,추석,음력공휴일
2040-09-21,추석,음력공휴일
2040-09-22,추석,음력공휴일
2040-10-03,개천절,고정공휴일
2040-10-09,한글날,고정공휴일
2040-12-25,기독탄신일,고정공휴일
